Name,Area (ABD),Area (Filled),Aspect Ratio,Average Blue,Average Green,Average Red,Biovolume (Cylinder),Biovolume (P. Spheroid),Biovolume (Sphere),Calibration Factor,Calibration Image,Capture ID,Capture X,Capture Y,Ch1 Area,Ch1 Peak,Ch1 Width,Ch2 Area,Ch2 Peak,Ch2 Width,Ch2/Ch1 Ratio,Circle Fit,Circularity,Circularity (Hu),Compactness,Convex Perimeter,Convexity,Date,Diameter (ABD),Diameter (ESD),Diameter (FD),Edge Gradient,Elapsed Time,Elongation,Feret Angle Max,Feret Angle Min,Fiber Curl,Fiber Straightness,Filter Score,Geodesic Aspect Ratio,Geodesic Length,Geodesic Thickness,Group ID,Image Height,Image Width,Image X,Image Y,Intensity,Length,Particles Per Chain,Perimeter,Ratio Blue/Green,Ratio Red/Blue,Ratio Red/Green,Roughness,Scatter Area,Scatter Peak,Scatter Width,Sigma Intensity,Source Image,Sphere Complement,Sphere Count,Sphere Unknown,Sphere Volume,Sum Intensity,Symmetry,Time,Timestamp,Transparency,UUID,Volume (ABD),Volume (ESD),Width
TS14_230405_1 run 3,80.39,80.39,0.89,176.07,176.49,176.84,1040.12,536.32,542.24,0.74,0,1,448,552,0,0,0,0,0,0,0,0.81,0.74,0.96,1.35,39.85,1,09-01-2023 14:31:44,10.12,11.11,10.12,71.42,1.42,1.62,-20,30,0.25,0.8,0,0.62,15.17,9.34,1,30,30,0,0,131.52,12.16,1,49.02,1,1,1,1.23,0,0,0,50.81,5196190,0,0,0,0,34326,0.76,09-01-2023 14:31:44,09-01-2023 14:31:44,0.09,D6BD043448F511EEA27F0030180A8FD7,542.24,718.98,9.95
TS14_230405_1 run 3,245.68,245.68,0.86,178.37,178.45,178.27,2441.23,2966.55,2896.88,0.74,0,2,581,914,0,0,0,0,0,0,0,0.57,0.48,0.93,2.08,66.93,0.93,09-01-2023 14:31:44,17.69,19.77,17.69,37.09,3.97,4.3,5,-90,0.66,0.6,0,0.23,38.62,8.97,2,38,45,0,0,151.64,23.21,1,95.17,1,1,1,1.42,0,0,0,44.34,5196191,0,0,0,0,96745,0.44,09-01-2023 14:31:44,09-01-2023 14:31:44,0.11,D6BD080848F511EEA27F0030180A8FD7,2896.88,4048.07,17.32
TS14_230405_1 run 3,63.86,63.86,0.58,167.85,167.3,167.01,280.9,691.5,383.89,0.74,0,3,492,61,0,0,0,0,0,0,0,0.33,0.2,0.53,4.9,48.8,0.69,09-01-2023 14:31:44,9.02,14.02,9.02,68.92,4.41,13.33,-60,25,1.3,0.43,0,0.08,39.9,2.99,3,32,34,0,0,143.51,17.32,1,85.79,1,0.99,1,1.76,0,0,0,22.71,5196192,0,0,0,0,31572,0.19,09-01-2023 14:31:44,09-01-2023 14:31:44,0.36,D6BD0A9D48F511EEA27F0030180A8FD7,383.89,1443.41,10.69
TS14_230405_1 run 3,298.68,298.68,0.44,181.66,183.14,184.86,4366.15,2346.69,3883.07,0.74,0,4,960,759,0,0,0,0,0,0,0,0.42,0.67,0.73,1.48,78.9,1,09-01-2023 14:31:44,19.5,23.56,19.5,48.83,9.05,2.21,-90,0,0,1.02,0,0.45,30.08,13.6,4,56,30,0,0,152.84,30.58,1,87.34,0.99,1.02,1.01,1.11,0,0,0,53.69,5196193,0,0,0,0,115092,0.87,09-01-2023 14:31:44,09-01-2023 14:31:44,0.17,D6BD0CE848F511EEA27F0030180A8FD7,3883.07,6847.67,11.42
TS14_230405_1 run 3,88.21,91.94,0.47,170.64,171.01,170.92,689.12,485.55,623.2,0.74,0,5,231,321,0,0,0,0,0,0,0,0.48,0.44,0.68,2.3,50.92,0.83,09-01-2023 14:31:44,10.6,14.72,10.82,56.73,9.25,5.02,75,5,0.49,0.67,0,0.2,28.07,5.59,5,39,26,0,0,148.88,18.79,1,67.32,1,1,1,1.32,0,0,0,32.37,5196194,0,0,0,0,41685,0.53,09-01-2023 14:31:44,09-01-2023 14:31:44,0.28,D6BD0F2948F511EEA27F0030180A8FD7,623.2,1669.18,7.74
TS14_230405_1 run 3,50.95,50.95,0.87,177.21,177.14,176.73,414.72,366.29,273.61,0.74,0,6,583,1205,0,0,0,0,0,0,0,0.65,0.52,0.82,1.92,37.66,0.86,09-01-2023 14:31:44,8.05,10.52,8.05,62.19,19.94,3.76,-85,10,0.61,0.62,0,0.27,19.53,5.2,6,30,27,0,0,145.26,12.16,1,49.46,1,1,1,1.31,0,0,0,35.6,5196195,0,0,0,0,27163,0.3,09-01-2023 14:31:44,09-01-2023 14:31:44,0.23,D6BD115E48F511EEA27F0030180A8FD7,273.61,609.83,8.47
TS14_230405_1 run 3,33.05,33.05,0.4,172.6,173.33,173.36,165.97,141.7,142.95,0.74,0,7,128,866,0,0,0,0,0,0,0,0.42,0.27,0.48,3.73,38.89,0.72,09-01-2023 14:31:44,6.49,10.85,6.49,61.2,19.94,9.63,60,-15,0.88,0.53,0,0.1,26.96,2.8,7,33,25,0,0,147.58,14.37,1,59.52,1,1,1,1.53,0,0,0,19.72,5196195,0,0,0,0,20514,0.43,09-01-2023 14:31:44,09-01-2023 14:31:44,0.4,D6BD139E48F511EEA27F0030180A8FD7,142.95,668.57,5.53
TS14_230405_1 run 3,60.69,60.69,0.44,168.42,167.51,165.49,268.27,2074.25,355.7,0.74,0,8,350,1726,0,0,0,0,0,0,0,0.14,0.21,0.22,4.82,69.66,0.36,09-01-2023 14:31:44,8.79,20.65,8.79,80.32,20.98,13.08,-30,45,0.48,0.67,0,0.08,38.8,2.97,8,42,45,0,0,148.89,26.16,3,83.53,1.01,0.98,0.99,1.2,0,0,0,30.3,5196196,0,0,0,0,31565,0.08,09-01-2023 14:31:44,09-01-2023 14:31:44,0.57,D6BD15E048F511EEA27F0030180A8FD7,355.7,4613.07,14.37
TS14_230405_1 run 3,64.65,64.65,0.9,173.11,174.13,175.21,893.37,402.03,391.07,0.74,0,9,525,256,0,0,0,0,0,0,0,0.81,0.77,0.95,1.3,37.12,1,09-01-2023 14:31:44,9.07,10.15,9.07,53.9,21.75,1.35,-50,45,0.12,0.89,0,0.74,12.78,9.44,9,28,28,0,0,147.06,11.42,1,44.42,0.99,1.01,1.01,1.2,0,0,0,42.83,5196197,0,0,0,0,32648,0.69,09-01-2023 14:31:44,09-01-2023 14:31:44,0.11,D6BD181A48F511EEA27F0030180A8FD7,391.07,547.98,8.47
TS14_230405_1 run 3,825.95,886.65,0.82,165.29,165.04,164.68,8237.22,20346.66,17856.44,0.74,0,10,829,1032,0,0,0,0,0,0,0,0.55,0.24,0.91,4.21,131.74,0.81,09-01-2023 14:31:44,32.43,40.43,33.6,54.67,24.58,11.15,20,80,1.53,0.39,0,0.09,109.22,9.8,10,63,71,0,0,136,43.11,2,238.05,1,1,1,1.81,0,0,0,41.76,5196198,0,0,0,0,251323,0.54,09-01-2023 14:31:44,09-01-2023 14:31:44,0.2,D6BD1A5348F511EEA27F0030180A8FD7,17856.44,34595.38,34.27
TS14_230405_1 run 3,92.77,92.77,0.85,177.64,178.18,178.84,1248.06,646.86,672.18,0.74,0,11,84,172,0,0,0,0,0,0,0,0.77,0.75,0.95,1.34,42.48,0.98,09-01-2023 14:31:44,10.87,11.97,10.87,32.25,26.27,1.56,-30,-90,0.22,0.82,0,0.64,15.71,10.06,11,30,31,0,0,152.03,12.9,1,51.54,1,1.01,1,1.21,0,0,0,41.84,5196199,0,0,0,0,44242,0.52,09-01-2023 14:31:44,09-01-2023 14:31:44,0.09,D6BD1C8A48F511EEA27F0030180A8FD7,672.18,899.05,11.42
TS14_230405_1 run 3,103.66,103.66,0.92,177.45,178.04,178.41,1381.38,793.79,793.93,0.74,0,12,83,1385,0,0,0,0,0,0,0,0.79,0.74,0.97,1.35,44.08,1,09-01-2023 14:31:44,11.49,12.51,11.49,22,26.31,1.65,-50,0,0.24,0.81,0,0.61,16.85,10.22,12,31,31,0,0,153.65,13.63,1,54.13,1,1.01,1,1.23,0,0,0,41.4,5196200,0,0,0,0,48706,0.58,09-01-2023 14:31:44,09-01-2023 14:31:44,0.08,D6BD1F0048F511EEA27F0030180A8FD7,793.93,1024.33,12.16
TS14_230405_1 run 3,329.89,329.89,0.67,163.19,162.4,161.82,4685.19,3758.06,4507.28,0.74,0,13,278,11,0,0,0,0,0,0,0,0.64,0.64,0.89,1.55,77.18,0.94,09-01-2023 14:31:44,20.49,22.99,20.49,77.72,28.38,2.48,0,70,0.24,0.81,0,0.4,33.24,13.4,13,41,51,0,0,129.07,26.9,1,93.27,1,0.99,1,1.21,0,0,0,50.64,5196201,0,0,0,0,105837,0.74,09-01-2023 14:31:44,09-01-2023 14:31:44,0.11,D6BD216448F511EEA27F0030180A8FD7,4507.28,6359.98,18.05
TS14_230405_1 run 3,21.6,21.6,0.21,169.9,170.67,171.75,126.42,139.87,75.54,0.74,0,14,117,279,0,0,0,0,0,0,0,0.3,0.33,0.15,3.02,47.01,0.49,09-01-2023 14:31:44,5.24,13.43,5.24,72.8,28.56,7.36,-90,0,0.14,0.88,0,0.14,20.58,2.8,14,41,22,0,0,145.17,18.05,3,46.76,1,1.01,1.01,0.99,0,0,0,24.09,5196202,0,0,0,0,15388,0.23,09-01-2023 14:31:44,09-01-2023 14:31:44,0.61,D6BD23A248F511EEA27F0030180A8FD7,75.54,1267.73,4.05
TS14_230405_1 run 3,130.99,130.99,0.79,178.78,179.18,179.36,1986.27,1018.94,1127.73,0.74,0,15,937,249,0,0,0,0,0,0,0,0.76,0.76,0.95,1.31,48.95,1,09-01-2023 14:31:44,12.91,14.1,12.91,51.59,31.39,1.38,-20,40,0.02,0.98,0,0.72,16.93,12.22,15,32,34,0,0,150.22,16.58,1,58.3,1,1,1,1.19,0,0,0,50.67,5196203,0,0,0,0,57234,0.59,09-01-2023 14:31:44,09-01-2023 14:31:44,0.08,D6BD25EC48F511EEA27F0030180A8FD7,1127.73,1468.84,12.16
TS14_230405_1 run 3,215.21,230.18,0.87,167.32,167.33,167.7,1401.64,3872.89,2374.9,0.74,0,16,808,259,0,0,0,0,0,0,0,0.5,0.24,0.76,4.19,83.73,0.64,09-01-2023 14:31:44,16.55,25.1,17.12,60.81,33.41,11.08,-60,5,1.12,0.47,0,0.09,60.28,5.44,16,47,46,0,0,150.7,28.37,3,131.44,1,1,1,1.57,0,0,0,34.67,5196204,0,0,0,0,86052,0.53,09-01-2023 14:31:44,09-01-2023 14:31:44,0.34,D6BD282848F511EEA27F0030180A8FD7,2374.9,8275.38,21
TS14_230405_1 run 3,77.54,77.54,0.82,164.67,164.84,164.71,436.49,1286.78,513.6,0.74,0,17,895,511,0,0,0,0,0,0,0,0.41,0.3,0.57,3.38,57.47,0.56,09-01-2023 14:31:44,9.94,16.76,9.94,52.93,33.5,8.5,75,30,0.82,0.55,0,0.12,34.23,4.03,17,41,37,0,0,147.24,18.79,3,76.52,1,1,1,1.33,0,0,0,24.49,5196205,0,0,0,0,37400,0.28,09-01-2023 14:31:44,09-01-2023 14:31:44,0.41,D6BD2A6248F511EEA27F0030180A8FD7,513.6,2467,14.37
TS14_230405_1 run 3,96.11,96.11,0.75,176.81,178.14,179.48,1225.22,644.76,708.76,0.74,0,18,151,723,0,0,0,0,0,0,0,0.67,0.73,0.91,1.38,43.75,0.98,09-01-2023 14:31:44,11.06,12.32,11.06,61.63,36.14,1.76,50,-45,0.18,0.85,0,0.57,16.9,9.61,18,32,30,0,0,153.41,14.37,1,53.01,0.99,1.02,1.01,1.21,0,0,0,47.6,5196206,0,0,0,0,45869,0.4,09-01-2023 14:31:44,09-01-2023 14:31:44,0.1,D6BD2C9948F511EEA27F0030180A8FD7,708.76,979.73,9.95
TS14_230405_1 run 3,1335.58,1346.14,0.62,158.49,157.88,157.18,15455.56,35896.84,36717.14,0.74,0,19,530,1536,0,0,0,0,0,0,0,0.32,0.26,0.77,3.85,160.38,0.84,09-01-2023 14:31:44,41.24,49.47,41.4,65.72,36.23,10,-10,70,1.14,0.47,0,0.1,125.32,12.53,19,69,93,0,0,142.83,58.58,1,275.71,1,0.99,1,1.72,0,0,0,43.16,5196207,0,0,0,0,410051,0.4,09-01-2023 14:31:44,09-01-2023 14:31:44,0.17,D6BD2ED148F511EEA27F0030180A8FD7,36717.14,63408.39,37.95
TS14_230405_1 run 3,1568.48,1640.82,0.75,164.3,164.14,163.91,15672.92,50573.01,46728.55,0.74,0,20,338,1802,0,0,0,0,0,0,0,0.51,0.17,0.86,6.03,178.9,0.76,09-01-2023 14:31:44,44.69,55.39,45.71,59.15,39.78,16.89,-75,30,1.87,0.35,0,0.06,178.54,10.57,20,96,89,0,0,134.32,62.27,1,378.22,1,1,1,2.11,0,0,0,40.07,5196208,0,0,0,0,447699,0.5,09-01-2023 14:31:44,09-01-2023 14:31:44,0.19,D6BD311548F511EEA27F0030180A8FD7,46728.55,88981.59,49.74
TS14_230405_1 run 3,127.53,127.53,0.86,177.09,177.44,177.22,1722.66,985.57,1083.44,0.74,0,21,554,711,0,0,0,0,0,0,0,0.89,0.94,0.99,1.06,46.46,1,09-01-2023 14:31:44,12.74,13.18,12.74,79.74,40.55,1,-80,0,0,1.11,0,1,12.99,12.99,21,33,31,0,0,151.78,14.37,1,51.97,1,1,1,1.12,0,0,0,46.64,5196209,0,0,0,0,56615,0.91,09-01-2023 14:31:44,09-01-2023 14:31:44,0.03,D6BD334D48F511EEA27F0030180A8FD7,1083.44,1199.43,12.16
TS14_230405_1 run 3,47.13,47.13,0.73,169.84,170.02,170.11,419.27,260.52,243.38,0.74,0,22,716,1359,0,0,0,0,0,0,0,0.68,0.58,0.82,1.73,36.87,0.9,09-01-2023 14:31:44,7.75,10.17,7.75,63.78,40.73,3.12,55,-50,0.52,0.66,0,0.32,17.31,5.55,22,29,27,0,0,132.76,11.42,1,45.72,1,1,1,1.24,0,0,0,46.55,5196210,0,0,0,0,23498,0.54,09-01-2023 14:31:44,09-01-2023 14:31:44,0.24,D6BD357C48F511EEA27F0030180A8FD7,243.38,551.3,8.47
TS14_230405_1 run 3,21.27,21.27,0.53,162.91,162.63,163.59,113.79,376.73,73.81,0.74,0,23,732,64,0,0,0,0,0,0,0,0.5,0.29,0.31,3.48,38,0.53,09-01-2023 14:31:44,5.2,10.58,5.2,70.34,45.48,8.83,45,-75,0.56,0.64,0,0.11,22.44,2.54,23,28,30,0,0,142.96,14.37,2,49.96,1,1,1.01,1.31,0,0,0,17.99,5196211,0,0,0,0,15011,0.42,09-01-2023 14:31:44,09-01-2023 14:31:44,0.51,D6BD37B648F511EEA27F0030180A8FD7,73.81,620.57,7
TS14_230405_1 run 3,12.15,12.15,0.27,171.26,171.41,171.2,84.5,98.56,31.85,0.74,0,24,244,77,0,0,0,0,0,0,0,0.32,0.38,0.19,2.62,37.52,0.48,09-01-2023 14:31:44,3.93,10.52,3.93,62.79,47.27,6.07,70,-35,0,1,0,0.16,15.83,2.61,24,35,25,0,0,134.29,15.84,3,36.88,1,1,1,0.98,0,0,0,10.47,5196212,0,0,0,0,10206,0.44,09-01-2023 14:31:44,09-01-2023 14:31:44,0.63,D6BD39F148F511EEA27F0030180A8FD7,31.85,609.83,4.05
TS14_230405_1 run 3,53.27,53.27,0.44,164.96,164.54,164.31,268.05,1925.39,292.47,0.74,0,25,279,82,0,0,0,0,0,0,0,0.3,0.26,0.21,3.81,71.7,0.31,09-01-2023 14:31:44,8.24,21.29,8.24,50.33,47.27,9.88,5,-60,0.23,0.81,0,0.1,32.18,3.26,25,45,49,0,0,141.77,26.16,4,70.88,1,1,1,0.99,0,0,0,22.06,5196212,0,0,0,0,27362,0.38,09-01-2023 14:31:44,09-01-2023 14:31:44,0.61,D6BD3C2248F511EEA27F0030180A8FD7,292.47,5051.46,14.37
TS14_230405_1 run 3,61.88,61.88,0.53,173.77,174.97,175.5,593.42,453.34,366.16,0.74,0,26,375,156,0,0,0,0,0,0,0,0.31,0.61,0.58,1.64,50.17,0.71,09-01-2023 14:31:44,8.88,14.43,8.88,60.14,48.55,2.79,-30,55,0,1.12,0,0.36,18.04,6.47,26,33,38,0,0,137.47,20.26,2,49.02,0.99,1.01,1,0.98,0,0,0,53.36,5196213,0,0,0,0,29556,0.44,09-01-2023 14:31:44,09-01-2023 14:31:44,0.38,D6BD3E4F48F511EEA27F0030180A8FD7,366.16,1573.56,7.74
TS14_230405_1 run 3,5.16,5.16,0.15,171.24,170.11,169.26,30.08,99.99,8.81,0.74,0,27,411,1818,0,0,0,0,0,0,0,0.77,0.39,0.05,2.6,41.14,0.26,09-01-2023 14:31:44,2.56,11.67,2.56,19.45,49.42,5.99,-65,35,0,1.56,0,0.17,11.12,1.86,27,35,30,0,0,144.89,17.32,2,25.95,1.01,0.99,1,0.63,0,0,0,2.36,5196214,0,0,0,0,5506,0.76,09-01-2023 14:31:44,09-01-2023 14:31:44,0.78,D6BD408948F511EEA27F0030180A8FD7,8.81,831.65,2.58
TS14_230405_1 run 3,89.04,94.02,0.52,166.07,165.08,163.91,857.09,462.14,631.99,0.74,0,28,768,1513,0,0,0,0,0,0,0,0.56,0.55,0.78,1.82,47.39,0.95,09-01-2023 14:31:44,10.65,13.51,10.94,93.38,54.45,3.42,15,-75,0.35,0.74,0,0.29,23.36,6.84,28,29,37,0,0,136.81,17.32,1,60.38,1.01,0.99,0.99,1.27,0,0,0,41.34,5196215,0,0,0,0,38581,0.61,09-01-2023 14:31:44,09-01-2023 14:31:44,0.21,D6BD42BC48F511EEA27F0030180A8FD7,631.99,1291.07,8.47
TS14_230405_1 run 3,245.23,245.23,0.98,181.33,181.83,182.34,4057.96,2873.34,2888.8,0.74,0,29,355,733,0,0,0,0,0,0,0,0.93,0.91,1,1.1,61.97,1,09-01-2023 14:31:44,17.67,18.22,17.67,45.4,59.63,1,-80,20,0,1.09,0,1,17.29,17.29,29,39,39,0,0,156.66,18.79,1,69.15,1,1.01,1,1.12,0,0,0,50.22,5196216,0,0,0,0,99790,0.88,09-01-2023 14:31:44,09-01-2023 14:31:44,0.03,D6BD44E948F511EEA27F0030180A8FD7,2888.8,3165.82,17.32
TS14_230405_1 run 3,42.23,42.23,0.36,161.07,158.95,156.63,269.89,168.19,206.41,0.74,0,30,327,546,0,0,0,0,0,0,0,0.35,0.39,0.46,2.59,39.83,0.78,09-01-2023 14:31:44,7.33,11.16,7.33,54.95,60.02,5.98,-35,65,0.53,0.65,0,0.17,23.08,3.86,30,26,32,0,0,140.93,15.11,1,53.88,1.01,0.97,0.99,1.35,0,0,0,23.54,5196217,0,0,0,0,23112,0.23,09-01-2023 14:31:44,09-01-2023 14:31:44,0.34,D6BD476248F511EEA27F0030180A8FD7,206.41,726.95,5.53
TS14_230405_1 run 3,101.14,101.14,0.63,170.25,169.78,168.86,1564.98,592.98,765.1,0.74,0,31,867,1094,0,0,0,0,0,0,0,0.67,0.78,0.87,1.29,45.24,1,09-01-2023 14:31:44,11.35,12.85,11.35,80.19,62.08,1.21,15,-75,0,1.11,0,0.82,14.31,11.8,31,29,34,0,0,141.26,15.84,1,52.22,1,0.99,0.99,1.15,0,0,0,55.28,5196218,0,0,0,0,43931,0.66,09-01-2023 14:31:44,09-01-2023 14:31:44,0.12,D6BD499B48F511EEA27F0030180A8FD7,765.1,1112.23,9.21
TS14_230405_1 run 3,147.07,147.07,0.85,176.31,176.13,175.83,2051.2,1334.16,1341.66,0.74,0,32,741,1047,0,0,0,0,0,0,0,0.74,0.73,0.93,1.37,52.61,0.96,09-01-2023 14:31:44,13.68,15.25,13.68,48.88,67.34,1.71,-80,-25,0.19,0.84,0,0.58,19.73,11.51,32,36,34,0,0,146.31,16.58,1,62.47,1,1,1,1.19,0,0,0,47.79,5196219,0,0,0,0,61156,0.63,09-01-2023 14:31:44,09-01-2023 14:31:44,0.1,D6BD4BCA48F511EEA27F0030180A8FD7,1341.66,1856.89,13.63
TS14_230405_1 run 3,678.83,678.83,0.21,149.84,149.6,149.27,8239.92,5207.83,13304.58,0.74,0,33,366,528,0,0,0,0,0,0,0,0,0.41,0.4,2.41,145.11,0.96,09-01-2023 14:31:44,29.4,44.6,29.4,41.09,67.92,5.4,0,-90,0.03,0.97,0,0.19,67.35,12.48,33,32,103,0,0,146.7,65.22,1,159.66,1,1,1,1.1,0,0,0,50.85,5196220,0,0,0,0,227099,0.75,09-01-2023 14:31:44,09-01-2023 14:31:44,0.34,D6BD4DFD48F511EEA27F0030180A8FD7,13304.58,46460.99,12.9
TS14_230405_1 run 3,54.82,54.82,0.65,171.62,172.13,172.74,314.61,488.8,305.34,0.74,0,34,291,116,0,0,0,0,0,0,0,0.48,0.32,0.62,3.11,44.32,0.68,09-01-2023 14:31:44,8.35,12.59,8.35,74.1,68.41,7.63,-65,10,0.99,0.5,0,0.13,28.57,3.74,34,32,31,0,0,143.97,14.37,1,64.63,1,1.01,1,1.46,0,0,0,33.76,5196221,0,0,0,0,28362,0.12,09-01-2023 14:31:44,09-01-2023 14:31:44,0.34,D6BD504248F511EEA27F0030180A8FD7,305.34,1044.58,11.42
TS14_230405_1 run 3,50.19,50.19,0.7,175.96,176.35,176.56,413.12,271.37,267.44,0.74,0,35,801,951,0,0,0,0,0,0,0,0.67,0.53,0.82,1.89,36.52,0.87,09-01-2023 14:31:44,7.99,10.19,7.99,58.62,68.92,3.66,-80,30,0.68,0.6,0,0.27,19.19,5.24,35,29,28,0,0,143.04,11.42,1,48.84,1,1,1,1.34,0,0,0,44.11,5196222,0,0,0,0,26463,0.67,09-01-2023 14:31:44,09-01-2023 14:31:44,0.22,D6BD527B48F511EEA27F0030180A8FD7,267.44,554.63,7.74
TS14_230405_1 run 3,100.72,100.72,0.88,179.16,178.7,177.46,1377.15,710.81,760.34,0.74,0,36,334,1112,0,0,0,0,0,0,0,0.87,0.91,0.98,1.1,42.5,1,09-01-2023 14:31:44,11.32,11.97,11.32,77.45,70.8,1,-80,0,0,1.07,0,1,12.06,12.06,36,31,29,0,0,141.78,12.9,1,48.23,1,0.99,0.99,1.13,0,0,0,51.5,5196223,0,0,0,0,43952,0.74,09-01-2023 14:31:44,09-01-2023 14:31:44,0.05,D6BD551C48F511EEA27F0030180A8FD7,760.34,899.05,10.69
TS14_230405_1 run 3,1149.13,1190.14,0.08,163.75,163.6,163.49,3837.35,72354.87,29303.47,0.74,0,37,384,1329,0,0,0,0,0,0,0,0,0.03,0.04,37.35,540.75,0.27,09-01-2023 14:31:44,38.25,170.53,38.93,42.86,70.94,115.33,5,-80,0.53,0.65,0,0.01,402.04,3.49,37,86,368,0,0,148.11,262.7,1,811.05,1,1,1,1.5,0,0,0,23.22,5196224,0,0,0,0,370138,0.2,09-01-2023 14:31:44,09-01-2023 14:31:44,0.78,D6BD584748F511EEA27F0030180A8FD7,29303.47,2596618.78,27.63
TS14_230405_1 run 3,514.07,514.07,0.72,156.7,155.93,155.08,7298.32,7776.27,8767.97,0.74,0,38,426,890,0,0,0,0,0,0,0,0.62,0.56,0.91,1.77,93.71,0.94,09-01-2023 14:31:44,25.58,28.37,25.58,68.05,74.39,3.27,-35,50,0.38,0.72,0,0.31,46.31,14.17,38,49,56,0,0,137.5,33.53,1,120.94,1,0.99,0.99,1.29,0,0,0,49.81,5196225,0,0,0,0,166099,0.54,09-01-2023 14:31:44,09-01-2023 14:31:44,0.1,D6BD5AA448F511EEA27F0030180A8FD7,8767.97,11956.57,23.95
TS14_230405_1 run 3,317.29,317.29,0.85,182.69,182.78,182.82,6103.87,4094.03,4251.48,0.74,0,39,461,1005,0,0,0,0,0,0,0,0.75,0.77,0.96,1.3,73.4,0.98,09-01-2023 14:31:44,20.1,21.82,20.1,43.59,77.22,1.32,25,-90,0,1,0,0.76,23.86,18.05,39,41,45,0,0,151.57,23.95,1,83.82,1,1,1,1.14,0,0,0,50.85,5196226,0,0,0,0,120192,0.7,09-01-2023 14:31:44,09-01-2023 14:31:44,0.08,D6BD5D6148F511EEA27F0030180A8FD7,4251.48,5439.87,19.53
TS14_230405_1 run 3,68.65,68.65,0.9,178.85,179.53,179.66,670.06,443.83,427.86,0.74,0,40,268,1389,0,0,0,0,0,0,0,0.69,0.61,0.94,1.63,37.46,1,09-01-2023 14:31:44,9.35,10.34,9.35,34.44,77.66,2.75,45,-90,0.63,0.61,0,0.36,18.6,6.77,40,27,28,0,0,151.83,11.42,1,50.75,1,1,1,1.35,0,0,0,43.56,5196227,0,0,0,0,35224,0.37,09-01-2023 14:31:44,09-01-2023 14:31:44,0.1,D6BD5F9D48F511EEA27F0030180A8FD7,427.86,578.35,9.21
TS14_230405_1 run 3,108.73,108.73,0.87,176.22,176.16,175.71,1563.5,789.2,852.88,0.74,0,41,810,437,0,0,0,0,0,0,0,0.88,0.89,0.98,1.13,44.07,1,09-01-2023 14:31:44,11.77,12.55,11.77,66.07,77.75,1,-20,-90,0,1.14,0,1,12.58,12.58,41,29,33,0,0,139.71,14.37,1,50.32,1,1,1,1.14,0,0,0,46.1,5196228,0,0,0,0,45966,0.86,09-01-2023 14:31:44,09-01-2023 14:31:44,0.06,D6BD61D248F511EEA27F0030180A8FD7,852.88,1034.42,10.69
TS14_230405_1 run 3,617.97,645.2,0.94,159.21,158.31,157.38,8105.26,12875.64,11556.28,0.74,0,42,493,1328,0,0,0,0,0,0,0,0.58,0.44,0.95,2.25,105.39,0.93,09-01-2023 14:31:44,28.05,31.99,28.66,55.89,89.25,4.86,55,-40,0.79,0.56,0,0.21,62.5,12.85,42,59,55,0,0,137.61,35,1,150.7,1.01,0.99,0.99,1.43,0,0,0,49.12,5196229,0,0,0,0,195826,0.43,09-01-2023 14:31:44,09-01-2023 14:31:44,0.12,D6BD641148F511EEA27F0030180A8FD7,11556.28,17147.22,28.37
TS14_230405_1 run 3,11.85,11.85,0.1,169.79,170.33,170.43,65.28,14.85,30.7,0.74,0,43,720,1487,0,0,0,0,0,0,0,0.25,0.26,0.19,3.78,37.72,1,09-01-2023 14:31:44,3.88,10.4,3.88,32.98,90.69,9.78,-70,25,0.15,0.87,0,0.1,19.95,2.04,43,35,23,0,0,142.33,17.32,1,43.99,1,1,1,1.17,0,0,0,2.64,5196230,0,0,0,0,10675,0.68,09-01-2023 14:31:44,09-01-2023 14:31:44,0.63,D6BD664848F511EEA27F0030180A8FD7,30.7,588.72,1.47
TS14_230405_1 run 3,119.38,119.38,0.68,178.42,179.22,179.96,1585.41,816.08,981.15,0.74,0,44,277,887,0,0,0,0,0,0,0,0.7,0.73,0.9,1.37,48.96,0.99,09-01-2023 14:31:44,12.33,14.14,12.33,67.63,92.7,1.74,-60,35,0.1,0.91,0,0.57,18.31,10.5,44,34,34,0,0,151.03,16.58,1,57.61,1,1.01,1,1.18,0,0,0,60.07,5196231,0,0,0,0,53466,0.67,09-01-2023 14:31:44,09-01-2023 14:31:44,0.13,D6BD687448F511EEA27F0030180A8FD7,981.15,1481.67,10.69
TS14_230405_1 run 3,643.25,672.48,0.59,161.44,161.66,162.05,6274.06,12027.8,12272.56,0.74,0,45,501,669,0,0,0,0,0,0,0,0.43,0.28,0.77,3.56,118.57,0.8,09-01-2023 14:31:44,28.62,36.19,29.26,64.63,94.38,9.08,0,85,1.05,0.49,0,0.11,86.97,9.58,45,55,72,0,0,138.06,42.37,1,193.12,1,1,1,1.63,0,0,0,45.17,5196232,0,0,0,0,203636,0.39,09-01-2023 14:31:44,09-01-2023 14:31:44,0.21,D6BD6AA048F511EEA27F0030180A8FD7,12272.56,24817.82,29.11
TS14_230405_1 run 3,51.34,51.34,0.18,156.95,156.36,155.08,247.06,120.7,276.71,0.74,0,46,566,437,0,0,0,0,0,0,0,0.15,0.24,0.25,4.09,55.57,0.67,09-01-2023 14:31:44,8.08,16.17,8.08,57.38,96.69,10.75,0,-85,0.43,0.7,0,0.09,33.13,3.08,46,22,46,0,0,148.05,23.21,1,72.43,1,0.99,0.99,1.3,0,0,0,20.35,5196233,0,0,0,0,27833,0.3,09-01-2023 14:31:44,09-01-2023 14:31:44,0.5,D6BD6D0E48F511EEA27F0030180A8FD7,276.71,2214.1,4.05
TS14_230405_1 run 3,96.52,96.52,0.56,162.75,162.35,162.42,559.91,803.96,713.38,0.74,0,47,117,1335,0,0,0,0,0,0,0,0.41,0.3,0.65,3.38,54.09,0.73,09-01-2023 14:31:44,11.09,15.66,11.09,73.15,100.19,8.51,20,-90,0.84,0.54,0,0.12,37.23,4.38,47,29,40,0,0,146.57,20.26,1,83.2,1,1,1,1.54,0,0,0,40.56,5196234,0,0,0,0,43971,0.17,09-01-2023 14:31:44,09-01-2023 14:31:44,0.29,D6BD6F6848F511EEA27F0030180A8FD7,713.38,2010.49,10.69
TS14_230405_1 run 3,472.35,472.35,0.71,166.53,164.93,163.45,7590.07,6755.48,7722.54,0.74,0,48,735,1588,0,0,0,0,0,0,0,0.62,0.65,0.91,1.54,89.89,0.97,09-01-2023 14:31:44,24.52,27.04,24.52,87.98,102.3,2.42,-70,0,0.25,0.8,0,0.41,38.34,15.88,48,55,44,0,0,116.89,30.58,1,108.44,1.01,0.98,0.99,1.21,0,0,0,48.03,5196235,0,0,0,0,131039,0.52,09-01-2023 14:31:44,09-01-2023 14:31:44,0.09,D6BD71A248F511EEA27F0030180A8FD7,7722.54,10352.02,21.74
TS14_230405_1 run 3,318.22,322.42,0.72,156.9,156.29,155.77,4032.95,3871.4,4270.23,0.74,0,49,547,1357,0,0,0,0,0,0,0,0.68,0.57,0.91,1.74,78.05,0.92,09-01-2023 14:31:44,20.13,23.29,20.26,50.31,102.48,3.16,-35,75,0.42,0.7,0,0.32,37.12,11.76,49,40,48,0,0,150.51,26.16,1,97.76,1,0.99,1,1.25,0,0,0,41.9,5196236,0,0,0,0,119653,0.74,09-01-2023 14:31:44,09-01-2023 14:31:44,0.14,D6BD73D148F511EEA27F0030180A8FD7,4270.23,6618.26,18.05
TS14_230405_1 run 3,196.73,196.73,0.92,178.31,178.79,179.14,3017.03,1972.9,2075.68,0.74,0,50,715,1056,0,0,0,0,0,0,0,0.92,0.92,0.99,1.09,56.44,1,09-01-2023 14:31:44,15.83,16.46,15.83,32.9,103.2,1,-40,30,0,1.15,0,1,15.66,15.66,50,36,37,0,0,156.46,18.05,1,62.65,1,1,1,1.11,0,0,0,44.44,5196237,0,0,0,0,82924,0.94,09-01-2023 14:31:44,09-01-2023 14:31:44,0.04,D6BD760D48F511EEA27F0030180A8FD7,2075.68,2333.91,15.11
TS14_230405_1 run 3,86.14,86.14,0.79,174.78,175.88,176.76,1170.38,542.49,601.44,0.74,0,51,865,672,0,0,0,0,0,0,0,0.79,0.75,0.94,1.33,41.31,0.99,09-01-2023 14:31:44,10.47,11.65,10.47,61.47,105.31,1.5,-80,25,0.16,0.86,0,0.67,14.96,9.98,51,31,30,0,0,142.78,12.9,1,49.89,0.99,1.01,1.01,1.21,0,0,0,52.74,5196238,0,0,0,0,39265,0.81,09-01-2023 14:31:44,09-01-2023 14:31:44,0.1,D6BD784948F511EEA27F0030180A8FD7,601.44,827.28,9.95
TS14_230405_1 run 3,56.77,56.77,0.05,165.8,165.75,166.19,140.9,82.81,321.76,0.74,0,52,646,1474,0,0,0,0,0,0,0,0,0.07,0.07,13.7,110.65,0.61,09-01-2023 14:31:44,8.5,33.67,8.5,55.93,106.22,41.01,-75,15,0.26,0.8,0,0.02,67.07,1.64,52,84,34,0,0,144.65,53.43,1,137.41,1,1,1,1.24,0,0,0,13.89,5196239,0,0,0,0,29219,0.34,09-01-2023 14:31:44,09-01-2023 14:31:44,0.75,D6BD7A7D48F511EEA27F0030180A8FD7,321.76,19990.08,2.58
TS14_230405_1 run 3,75.1,75.1,0.89,177,176.4,175.5,515.81,586.26,489.57,0.74,0,53,705,757,0,0,0,0,0,0,0,0.71,0.4,0.87,2.5,43.96,0.85,09-01-2023 14:31:44,9.78,12.45,9.78,64.05,106.52,5.66,-40,85,0.92,0.52,0,0.18,27.61,4.88,53,29,31,0,0,135.34,14.37,1,64.98,1,0.99,0.99,1.48,0,0,0,39.39,5196240,0,0,0,0,33565,0.53,09-01-2023 14:31:44,09-01-2023 14:31:44,0.21,D6BD7CAC48F511EEA27F0030180A8FD7,489.57,1009.32,9.95
TS14_230405_1 run 3,77.54,77.54,0.89,165.08,163.68,162.16,652.07,581.21,513.6,0.74,0,54,368,729,0,0,0,0,0,0,0,0.69,0.52,0.89,1.93,41.61,0.91,09-01-2023 14:31:44,9.94,11.71,9.94,53.45,107.7,3.81,-90,0,0.88,0.53,0,0.26,22.91,6.02,54,31,29,0,0,140.08,12.16,1,57.87,1.01,0.98,0.99,1.39,0,0,0,41.93,5196241,0,0,0,0,35580,0.56,09-01-2023 14:31:44,09-01-2023 14:31:44,0.15,D6BD7ED648F511EEA27F0030180A8FD7,513.6,840.44,10.69
TS14_230405_1 run 3,124.95,124.95,0.68,169.11,168.52,168.08,1081.88,896.46,1050.7,0.74,0,55,879,1676,0,0,0,0,0,0,0,0.65,0.49,0.88,2.04,52.25,0.91,09-01-2023 14:31:44,12.61,15.07,12.61,63.11,109.91,4.17,60,-35,0.53,0.65,0,0.24,28.83,6.91,55,38,31,0,0,147.23,18.79,1,71.49,1,0.99,1,1.37,0,0,0,46.19,5196242,0,0,0,0,54035,0.57,09-01-2023 14:31:44,09-01-2023 14:31:44,0.16,D6BD811148F511EEA27F0030180A8FD7,1050.7,1790.4,11.42
TS14_230405_1 run 3,855.04,881.7,0.82,163.01,162.26,161.53,8380.42,23659.23,18808.04,0.74,0,56,213,1304,0,0,0,0,0,0,0,0.28,0.25,0.82,4.04,130.73,0.81,09-01-2023 14:31:44,33,40.02,33.51,55.23,112.89,10.61,20,-40,1.31,0.43,0,0.09,106.27,10.02,56,66,74,0,0,144.53,46.06,1,232.58,1,0.99,1,1.78,0,0,0,43.17,5196243,0,0,0,0,275624,0.24,09-01-2023 14:31:44,09-01-2023 14:31:44,0.18,D6BD835948F511EEA27F0030180A8FD7,18808.04,33554.99,35
TS14_230405_1 run 3,86.97,90.69,0.52,167.08,167.02,166.89,429.53,1482.73,610.11,0.74,0,57,161,207,0,0,0,0,0,0,0,0.14,0.22,0.42,4.65,65.95,0.55,09-01-2023 14:31:44,10.52,19.43,10.75,70.41,121.13,12.52,55,-35,0.73,0.58,0,0.08,44.1,3.52,57,43,40,0,0,141.71,25.42,2,95.25,1,1,1,1.44,0,0,0,29.92,5196244,0,0,0,0,39253,0.01,09-01-2023 14:31:44,09-01-2023 14:31:44,0.46,D6BD858448F511EEA27F0030180A8FD7,610.11,3838.09,11.42
TS14_230405_1 run 3,141.4,141.4,0.97,180.37,179.93,179.42,1873.41,1241.03,1264.81,0.74,0,58,396,903,0,0,0,0,0,0,0,0.95,0.97,1,1.03,48.23,1,09-01-2023 14:31:44,13.42,13.92,13.42,76.43,121.75,1,-80,0,0,1.08,0,1,13.36,13.36,58,33,32,0,0,156.06,14.37,1,53.45,1,0.99,1,1.11,0,0,0,50.89,5196245,0,0,0,0,63203,0.93,09-01-2023 14:31:44,09-01-2023 14:31:44,0.04,D6BD87B448F511EEA27F0030180A8FD7,1264.81,1412.03,12.9
TS14_230405_1 run 3,464.7,477.61,0.78,162.11,161.3,160.62,5796.59,7593.72,7535.7,0.74,0,59,842,664,0,0,0,0,0,0,0,0.58,0.48,0.91,2.07,91.86,0.93,09-01-2023 14:31:44,24.32,27.72,24.66,61.85,122.09,4.26,-35,50,0.67,0.6,0,0.23,51.2,12.01,59,50,55,0,0,146.77,30.58,1,126.41,1,0.99,1,1.38,0,0,0,43.66,5196246,0,0,0,0,162180,0.46,09-01-2023 14:31:44,09-01-2023 14:31:44,0.12,D6BD89E848F511EEA27F0030180A8FD7,7535.7,11147.38,24.69
TS14_230405_1 run 3,489.59,501.58,0.57,165.9,165.5,165.06,7565.18,6522.17,8149.13,0.74,0,60,439,1449,0,0,0,0,0,0,0,0.49,0.6,0.82,1.66,96.49,0.94,09-01-2023 14:31:44,24.97,29.09,25.27,62.14,125.11,2.85,25,-45,0.2,0.84,0,0.35,42.77,15.01,60,53,53,0,0,147.01,35.74,1,115.55,1,0.99,1,1.2,0,0,0,44.67,5196247,0,0,0,0,170096,0.63,09-01-2023 14:31:44,09-01-2023 14:31:44,0.14,D6BD8C0F48F511EEA27F0030180A8FD7,8149.13,12885.43,21
TS14_230405_1 run 3,888.62,888.62,0.46,164.22,164.1,164.02,13282.98,15225.63,19926.92,0.74,0,61,375,890,0,0,0,0,0,0,0,0.2,0.48,0.68,2.08,134.68,0.88,09-01-2023 14:31:44,33.64,41.33,33.64,69.84,126.98,4.31,-70,45,0.37,0.73,0,0.23,68.01,15.77,61,75,74,0,0,123.72,49.74,1,167.56,1,1,1,1.24,0,0,0,63.22,5196248,0,0,0,0,244353,0.38,09-01-2023 14:31:44,09-01-2023 14:31:44,0.19,D6BD8E4548F511EEA27F0030180A8FD7,19926.92,36959.47,23.95
TS14_230405_1 run 3,50.95,50.95,0.06,174.73,174.47,173.93,173.8,65.19,273.61,0.74,0,62,441,1137,0,0,0,0,0,0,0,0,0.13,0.09,7.46,91.27,0.88,09-01-2023 14:31:44,8.05,27.61,8.05,25.53,127.41,21.38,-90,0,0.06,0.94,0,0.05,46.6,2.18,62,74,16,0,0,144.51,43.85,1,97.55,1,1,1,1.07,0,0,0,2.81,5196249,0,0,0,0,27024,0.44,09-01-2023 14:31:44,09-01-2023 14:31:44,0.71,D6BD906F48F511EEA27F0030180A8FD7,273.61,11024.34,2.21
TS14_230405_1 run 3,137.48,137.48,0.88,178.12,177.85,177.43,2400,1146.33,1212.67,0.74,0,63,1015,512,0,0,0,0,0,0,0,0.84,0.8,0.98,1.25,49.62,1,09-01-2023 14:31:44,13.23,14.25,13.23,56.35,127.7,1,-90,30,0,1.04,0,1,14.51,14.51,63,35,33,0,0,147.52,15.11,1,58.05,1,1,1,1.17,0,0,0,51.24,5196250,0,0,0,0,58418,0.78,09-01-2023 14:31:44,09-01-2023 14:31:44,0.07,D6BD92A648F511EEA27F0030180A8FD7,1212.67,1514.06,12.9
TS14_230405_1 run 3,79.98,79.98,0.7,174.5,175.34,175.49,764.65,480.1,538.11,0.74,0,64,223,125,0,0,0,0,0,0,0,0.7,0.59,0.88,1.69,42.65,0.93,09-01-2023 14:31:44,10.09,12.1,10.09,53.67,128.03,2.97,-60,60,0.42,0.7,0,0.34,20.47,6.9,64,30,30,0,0,139.67,14.37,1,54.74,1,1.01,1,1.28,0,0,0,47.49,5196251,0,0,0,0,36314,0.68,09-01-2023 14:31:44,09-01-2023 14:31:44,0.17,D6BD950C48F511EEA27F0030180A8FD7,538.11,927,9.95
TS14_230405_1 run 3,199.42,199.42,0.97,180.33,180.52,180.88,2929.68,2083.39,2118.48,0.74,0,65,359,1338,0,0,0,0,0,0,0,0.94,0.95,1,1.05,56.34,1,09-01-2023 14:31:44,15.93,16.36,15.93,65.56,129.47,1,-70,0,0,1.12,0,1,15.51,15.51,65,36,36,0,0,151.35,17.32,1,62.04,1,1,1,1.1,0,0,0,55.36,5196252,0,0,0,0,81121,0.92,09-01-2023 14:31:44,09-01-2023 14:31:44,0.03,D6BD973848F511EEA27F0030180A8FD7,2118.48,2290.64,15.84
TS14_230405_1 run 3,26.35,26.35,0.2,169.53,167.82,166.45,168.59,60.1,101.77,0.74,0,66,767,204,0,0,0,0,0,0,0,0.27,0.38,0.29,2.6,39.91,0.84,09-01-2023 14:31:44,5.79,11.22,5.79,47.14,130.53,6,85,0,0.14,0.88,0,0.17,19.78,3.29,66,37,18,0,0,138.13,17.32,1,46.15,1.01,0.98,0.99,1.16,0,0,0,7.16,5196253,0,0,0,0,16576,0.32,09-01-2023 14:31:44,09-01-2023 14:31:44,0.48,D6BD996E48F511EEA27F0030180A8FD7,101.77,739.02,2.95
TS14_230405_1 run 3,607.78,836.3,0.91,157.76,158.08,158.36,13790.98,17869.21,11271.53,0.74,0,67,623,1351,0,0,0,0,0,0,0,0.73,0.55,0.98,1.81,113.17,0.96,09-01-2023 14:31:44,27.82,34.53,32.63,73.21,138.53,3.39,55,-60,0.61,0.62,0,0.29,58.66,17.3,67,63,60,0,0,140.46,36.48,1,151.92,1,1,1,1.34,0,0,0,47.76,5196254,0,0,0,0,196925,0.74,09-01-2023 14:31:44,09-01-2023 14:31:44,0.19,D6BD9BA248F511EEA27F0030180A8FD7,11271.53,21560.66,32.79
TS14_230405_1 run 3,101.98,101.98,0.84,175.54,177.13,178.51,1269.18,690.84,774.66,0.74,0,68,673,1196,0,0,0,0,0,0,0,0.88,0.97,0.98,1.03,42.23,1,09-01-2023 14:31:44,11.39,11.95,11.39,71.76,138.58,1,60,0,0,1.16,0,1,11.73,11.73,68,31,29,0,0,146.85,13.63,1,46.94,0.99,1.02,1.01,1.11,0,0,0,52.26,5196255,0,0,0,0,45963,0.87,09-01-2023 14:31:44,09-01-2023 14:31:44,0.05,D6BD9DF148F511EEA27F0030180A8FD7,774.66,894.45,10.69
TS14_230405_1 run 3,145.76,145.76,0.49,159.3,157.61,156.12,872.93,1392.99,1323.77,0.74,0,69,213,1260,0,0,0,0,0,0,0,0.23,0.28,0.59,3.62,61.19,0.79,09-01-2023 14:31:44,13.62,17.87,13.62,56.12,138.81,9.26,-20,75,1.03,0.49,0,0.11,45.69,4.93,69,32,44,0,0,148.68,22.48,1,101.25,1.01,0.98,0.99,1.65,0,0,0,39,5196256,0,0,0,0,61702,0.26,09-01-2023 14:31:44,09-01-2023 14:31:44,0.24,D6BDA01C48F511EEA27F0030180A8FD7,1323.77,2987.86,11.42
TS14_230405_1 run 3,295.9,295.9,0.34,168.58,169.92,171.18,2656.34,2114.15,3828.91,0.74,0,70,142,982,0,0,0,0,0,0,0,0.14,0.39,0.57,2.55,88.68,0.89,09-01-2023 14:31:44,19.41,26.75,19.41,48.55,139.53,5.83,75,-10,0.28,0.78,0,0.17,48.65,8.34,70,65,33,0,0,142.33,37.95,1,113.98,0.99,1.02,1.01,1.29,0,0,0,44.23,5196257,0,0,0,0,106318,0.53,09-01-2023 14:31:44,09-01-2023 14:31:44,0.27,D6BDA24648F511EEA27F0030180A8FD7,3828.91,10026.37,11.42
TS14_230405_1 run 3,582.58,582.58,0.78,168.71,168.11,167.42,10096.49,9619.33,10577.8,0.74,0,71,355,1831,0,0,0,0,0,0,0,0.71,0.65,0.94,1.53,97.35,0.96,09-01-2023 14:31:44,27.24,29.48,27.24,44.01,140.41,2.38,10,-90,0.27,0.78,0,0.42,41.8,17.54,71,50,58,0,0,141.56,32.79,1,118.68,1,0.99,1,1.22,0,0,0,58.05,5196258,0,0,0,0,191112,0.74,09-01-2023 14:31:44,09-01-2023 14:31:44,0.08,D6BDA47848F511EEA27F0030180A8FD7,10577.8,13409.24,26.16
TS14_230405_1 run 3,89.04,89.04,0.53,171.94,172.63,173.07,1340.5,403.14,631.99,0.74,0,72,118,689,0,0,0,0,0,0,0,0.62,0.84,0.82,1.19,42.93,1,09-01-2023 14:31:44,10.65,12.16,10.65,63.25,145.49,1,55,-15,0,1.33,0,1,11.95,11.95,72,34,26,0,0,150.4,15.84,1,47.8,1,1.01,1,1.11,0,0,0,41.61,5196259,0,0,0,0,42413,0.74,09-01-2023 14:31:44,09-01-2023 14:31:44,0.12,D6BDA6A448F511EEA27F0030180A8FD7,631.99,941.19,7
TS14_230405_1 run 3,41542.78,42679.33,0.83,121.73,121.54,121.34,2021021.68,8958381.89,6369525.33,0.74,0,73,210,432,0,0,0,0,0,0,0,0,0.21,0.76,4.73,912.62,0.73,09-01-2023 14:31:44,229.99,288.95,233.11,54.5,146.11,12.78,0,-50,1.44,0.41,0,0.08,749.02,58.61,73,402,431,0,0,97.18,306.92,1,1615.26,1,1,1,1.77,0,0,0,55.04,5196260,0,0,0,0,7650731,0.22,09-01-2023 14:31:44,09-01-2023 14:31:44,0.2,D6BDA8C648F511EEA27F0030180A8FD7,6369525.33,12631407.3,258.28
TS14_230405_1 run 3,41816.86,42913.85,0.84,122.94,122.75,122.57,2114099.24,9017551.27,6432664.35,0.74,0,74,220,904,0,0,0,0,0,0,0,0,0.23,0.76,4.44,914.49,0.73,09-01-2023 14:31:44,230.74,289.56,233.75,53.5,146.16,11.87,0,-50,1.36,0.42,0,0.08,723.82,60.98,74,404,431,0,0,98.32,306.92,3,1569.6,1,1,1,1.72,0,0,0,54.93,5196261,0,0,0,0,7790335,0.21,09-01-2023 14:31:44,09-01-2023 14:31:44,0.2,D6BDAAF948F511EEA27F0030180A8FD7,6432664.35,12712113.2,259.02
TS14_230405_1 run 3,41175.03,42191.6,0.84,121.41,121.22,121.04,1807922.36,8856324.79,6285137.03,0.74,0,75,232,1423,0,0,0,0,0,0,0,0,0.18,0.76,5.57,913.63,0.72,09-01-2023 14:31:44,228.97,289.29,231.78,58.77,146.2,15.44,-5,-50,1.67,0.37,0,0.06,818.54,53.03,75,403,430,0,0,95.63,306.92,2,1743.14,1,1,1,1.91,0,0,0,53.79,5196262,0,0,0,0,7462855,0.21,09-01-2023 14:31:44,09-01-2023 14:31:44,0.21,D6BDAD3248F511EEA27F0030180A8FD7,6285137.03,12677098.57,259.76
TS14_230405_1 run 3,4004.85,4067.65,0.58,141.53,140.92,140.25,130454.19,161055.65,190652.95,0.74,0,76,444,1295,0,0,0,0,0,0,0,0.25,0.57,0.81,1.75,260.1,0.93,09-01-2023 14:31:44,71.41,81.26,71.97,55.19,146.92,3.2,15,-75,0.19,0.84,0,0.31,119.28,37.32,76,103,147,0,0,111.68,99.85,1,313.2,1,0.99,1,1.2,0,0,0,60.48,5196263,0,0,0,0,901956,0.32,09-01-2023 14:31:44,09-01-2023 14:31:44,0.12,D6BDAF6248F511EEA27F0030180A8FD7,190652.95,280988.35,60.79
TS14_230405_1 run 3,790.02,810.19,0.43,166.8,166.23,165.79,8103.19,14177.22,16704.16,0.74,0,77,206,471,0,0,0,0,0,0,0,0.08,0.28,0.61,3.54,141.88,0.77,09-01-2023 14:31:44,31.72,43.56,32.12,55,147.5,9.01,50,-50,0.59,0.63,0,0.11,94.25,10.46,77,79,69,0,0,143.99,59.32,1,209.43,1,0.99,1,1.48,0,0,0,47.26,5196264,0,0,0,0,255591,0.23,09-01-2023 14:31:44,09-01-2023 14:31:44,0.27,D6BDB1A848F511EEA27F0030180A8FD7,16704.16,43274.46,26.16
TS14_230405_1 run 3,54.82,54.82,0.54,166.38,165.54,165.11,321.88,306.37,305.34,0.74,0,78,636,1553,0,0,0,0,0,0,0,0.47,0.33,0.66,3,41.87,0.81,09-01-2023 14:31:44,8.35,11.75,8.35,77.53,149.66,7.29,20,-75,0.76,0.57,0,0.14,27.92,3.83,78,29,33,0,0,138.39,15.84,1,63.51,1.01,0.99,1,1.52,0,0,0,38.52,5196265,0,0,0,0,27263,0.38,09-01-2023 14:31:44,09-01-2023 14:31:44,0.29,D6BDB3DB48F511EEA27F0030180A8FD7,305.34,849.28,7.74
TS14_230405_1 run 3,226.54,226.54,0.65,175.43,175.27,175.13,3288.1,2060.82,2564.96,0.74,0,79,966,883,0,0,0,0,0,0,0,0.67,0.71,0.89,1.42,65.06,0.96,09-01-2023 14:31:44,16.98,19.14,16.98,68.07,151.81,1.93,55,-20,0.11,0.9,0,0.52,25.02,12.94,79,44,36,0,0,122.84,22.48,1,75.91,1,1,1,1.17,0,0,0,58.6,5196266,0,0,0,0,73215,0.71,09-01-2023 14:31:44,09-01-2023 14:31:44,0.11,D6BDB60A48F511EEA27F0030180A8FD7,2564.96,3670.72,13.63
TS14_230405_1 run 3,91.52,95.27,0.75,161.95,160.41,158.73,1017.76,619.56,658.67,0.74,0,80,365,931,0,0,0,0,0,0,0,0.74,0.64,0.92,1.56,45.56,0.94,09-01-2023 14:31:44,10.8,13.06,11.01,56.46,152.05,2.5,0,-80,0.4,0.72,0,0.4,20.07,8.03,80,29,34,0,0,150.35,14.37,1,56.21,1.01,0.98,0.99,1.23,0,0,0,38.22,5196267,0,0,0,0,43302,0.6,09-01-2023 14:31:44,09-01-2023 14:31:44,0.17,D6BDB84548F511EEA27F0030180A8FD7,658.67,1166.22,9.95
TS14_230405_1 run 3,204.37,204.37,0.96,179.3,179.9,180.14,3106.09,2150.6,2197.84,0.74,0,81,123,283,0,0,0,0,0,0,0,0.94,0.93,1,1.07,57.1,1,09-01-2023 14:31:44,16.13,16.58,16.13,39.71,155.89,1,10,-75,0,1.1,0,1,15.81,15.81,81,37,37,0,0,157.41,17.32,1,63.26,1,1,1,1.11,0,0,0,43.32,5196268,0,0,0,0,86106,0.9,09-01-2023 14:31:44,09-01-2023 14:31:44,0.03,D6BDBA9B48F511EEA27F0030180A8FD7,2197.84,2386.56,15.84
TS14_230405_1 run 3,50.57,50.57,0.81,160.01,159.38,158.92,213.83,1345,270.52,0.74,0,82,815,1772,0,0,0,0,0,0,0,0.53,0.2,0.4,5.08,49.18,0.52,09-01-2023 14:31:44,8.02,14.19,8.02,72.2,156.45,13.9,-90,20,1.48,0.4,0,0.07,37.47,2.7,82,35,34,0,0,138.17,15.11,1,80.33,1,0.99,1,1.63,0,0,0,16.18,5196269,0,0,0,0,25699,0.43,09-01-2023 14:31:44,09-01-2023 14:31:44,0.43,D6BDBD0948F511EEA27F0030180A8FD7,270.52,1494.57,12.9
TS14_230405_1 run 3,18.33,18.33,0.56,161.92,161.95,161.6,124.21,348.55,59.03,0.74,0,83,753,334,0,0,0,0,0,0,0,0.37,0.4,0.31,2.5,38.86,0.49,09-01-2023 14:31:44,4.83,10.85,4.83,55.91,156.8,5.66,10,-90,0.26,0.79,0,0.18,17.18,3.03,83,25,32,0,0,133.14,13.63,2,40.43,1,1,1,1.04,0,0,0,25.43,5196270,0,0,0,0,12781,0.55,09-01-2023 14:31:44,09-01-2023 14:31:44,0.55,D6BDBF5D48F511EEA27F0030180A8FD7,59.03,668.57,7.74
TS14_230405_1 run 3,86.97,86.97,0.7,175.52,175.8,176.22,570.87,741.48,610.11,0.74,0,84,662,916,0,0,0,0,0,0,0,0.48,0.37,0.75,2.74,47.05,0.84,09-01-2023 14:31:44,10.52,13.49,10.52,56.31,157.42,6.44,-50,45,0.96,0.51,0,0.16,31.13,4.83,84,32,34,0,0,146,15.84,1,71.92,1,1,1,1.53,0,0,0,40.24,5196271,0,0,0,0,40441,0.18,09-01-2023 14:31:44,09-01-2023 14:31:44,0.22,D6BDC19F48F511EEA27F0030180A8FD7,610.11,1285.21,9.95
TS14_230405_1 run 3,237.46,237.46,0.94,177.37,177.58,177.54,3773.92,2649.97,2752.72,0.74,0,85,812,1812,0,0,0,0,0,0,0,0.93,0.93,1,1.08,60.92,1,09-01-2023 14:31:44,17.39,17.91,17.39,39.48,161.69,1,35,0,0,1.11,0,1,16.87,16.87,85,38,38,0,0,153.47,18.79,1,67.5,1,1,1,1.11,0,0,0,47.1,5196272,0,0,0,0,95154,0.92,09-01-2023 14:31:44,09-01-2023 14:31:44,0.03,D6BDC3E548F511EEA27F0030180A8FD7,2752.72,3008.44,17.32
TS14_230405_1 run 3,66.25,66.25,0.21,166.68,167.88,169.46,308.44,243.31,405.62,0.74,0,86,958,773,0,0,0,0,0,0,0,0.14,0.22,0.25,4.48,63.42,0.67,09-01-2023 14:31:44,9.18,18.67,9.18,94.35,163.27,11.98,80,-10,0.35,0.74,0,0.08,38.35,3.2,86,52,25,0,0,136.85,28.37,1,83.1,0.99,1.02,1.01,1.31,0,0,0,21.82,5196273,0,0,0,0,30927,0.26,09-01-2023 14:31:44,09-01-2023 14:31:44,0.51,D6BDC62A48F511EEA27F0030180A8FD7,405.62,3406.44,5.53
TS14_230405_1 run 3,158.47,158.47,0.48,170.27,170.55,170.67,754.95,3646.33,1500.73,0.74,0,87,528,1502,0,0,0,0,0,0,0,0.18,0.18,0.37,5.49,81.31,0.54,09-01-2023 14:31:44,14.2,24.4,14.2,72.29,166,15.17,70,-5,0.93,0.52,0,0.07,60.47,3.99,87,58,40,0,0,150.51,31.32,3,128.92,1,1,1,1.59,0,0,0,38.51,5196274,0,0,0,0,66827,0.21,09-01-2023 14:31:44,09-01-2023 14:31:44,0.42,D6BDC86A48F511EEA27F0030180A8FD7,1500.73,7605.81,17.32
TS14_230405_1 run 3,65.05,65.05,0.38,166.04,165.44,164.7,376.11,329.95,394.69,0.74,0,88,881,209,0,0,0,0,0,0,0,0.36,0.32,0.5,3.14,50.76,0.76,09-01-2023 14:31:44,9.1,14.57,9.1,65.9,168.3,7.74,-50,55,0.57,0.64,0,0.13,30.62,3.95,88,32,38,0,0,150.76,19.53,1,69.15,1,0.99,1,1.36,0,0,0,26.95,5196275,0,0,0,0,33620,0.3,09-01-2023 14:31:44,09-01-2023 14:31:44,0.38,D6BDCAB448F511EEA27F0030180A8FD7,394.69,1620.9,7
TS14_230405_1 run 3,82.03,82.03,0.89,172.16,172.58,173.09,1044.78,522.7,558.89,0.74,0,89,126,948,0,0,0,0,0,0,0,0.91,0.93,0.99,1.07,38.71,1,09-01-2023 14:31:44,10.22,10.83,10.22,64.94,168.69,1,-20,65,0,1.11,0,1,11,11,89,28,30,0,0,139.13,12.16,1,43.99,1,1.01,1,1.14,0,0,0,50.97,5196276,0,0,0,0,36869,0.89,09-01-2023 14:31:44,09-01-2023 14:31:44,0.06,D6BDCCFD48F511EEA27F0030180A8FD7,558.89,664.79,9.21
TS14_230405_1 run 3,183.75,183.75,0.98,180.3,180.79,181.33,2725.8,1858.28,1873.65,0.74,0,90,249,1778,0,0,0,0,0,0,0,0.92,0.93,1,1.07,54.73,1,09-01-2023 14:31:44,15.3,15.84,15.3,27.2,168.92,1,-35,-65,0,1.14,0,1,15.14,15.14,90,35,36,0,0,155.75,17.32,1,60.56,1,1.01,1,1.11,0,0,0,43.38,5196277,0,0,0,0,78032,0.89,09-01-2023 14:31:44,09-01-2023 14:31:44,0.03,D6BDCF4948F511EEA27F0030180A8FD7,1873.65,2082.28,14.37
TS14_230405_1 run 3,182.41,182.41,0.94,176.32,176.52,176.45,2929.68,1797,1853.22,0.74,0,91,540,1641,0,0,0,0,0,0,0,0.91,0.88,0.99,1.13,54.87,1,09-01-2023 14:31:44,15.24,16.03,15.24,33.59,169.99,1,55,0,0,1.12,0,1,15.51,15.51,91,36,35,0,0,143.18,17.32,1,62.04,1,1,1,1.13,0,0,0,50.48,5196278,0,0,0,0,71306,0.85,09-01-2023 14:31:44,09-01-2023 14:31:44,0.05,D6BDD18A48F511EEA27F0030180A8FD7,1853.22,2155.77,15.11
TS14_230405_1 run 3,134.88,140.09,0.54,163.85,163.56,163.48,1171.46,998.06,1178.39,0.74,0,92,643,1322,0,0,0,0,0,0,0,0.48,0.46,0.76,2.19,56.81,0.87,09-01-2023 14:31:44,13.1,16.52,13.36,77.07,173.28,4.68,-85,20,0.52,0.66,0,0.21,31.95,6.83,92,42,32,0,0,141.91,21,1,77.56,1,1,1,1.37,0,0,0,49.29,5196279,0,0,0,0,55346,0.51,09-01-2023 14:31:44,09-01-2023 14:31:44,0.21,D6BDD3CD48F511EEA27F0030180A8FD7,1178.39,2360.14,11.42
TS14_230405_1 run 3,162,162,0.81,159.96,156.51,153.01,2059.14,1491.35,1551.09,0.74,0,93,122,806,0,0,0,0,0,0,0,0.74,0.68,0.93,1.47,55.75,0.96,09-01-2023 14:31:44,14.36,16.23,14.36,77.67,173.63,2.15,-55,65,0.27,0.79,0,0.46,22.98,10.68,93,35,36,0,0,129.31,18.05,1,67.32,1.02,0.96,0.98,1.21,0,0,0,56.63,5196280,0,0,0,0,58446,0.69,09-01-2023 14:31:44,09-01-2023 14:31:44,0.12,D6BDD61948F511EEA27F0030180A8FD7,1551.09,2239.42,13.63
TS14_230405_1 run 3,39.25,39.25,0.18,167.4,168.01,168.03,179.43,78.19,184.99,0.74,0,94,197,1791,0,0,0,0,0,0,0,0.08,0.23,0.27,4.37,60.92,0.82,09-01-2023 14:31:44,7.07,17.89,7.07,50.96,175.11,11.65,55,-40,0.08,0.93,0,0.09,31.41,2.7,94,46,37,0,0,139.97,29.11,2,68.21,1,1,1,1.12,0,0,0,12.52,5196281,0,0,0,0,21836,0.33,09-01-2023 14:31:44,09-01-2023 14:31:44,0.6,D6BDD86448F511EEA27F0030180A8FD7,184.99,2998.13,2.95
TS14_230405_1 run 3,95.27,95.27,0.67,173.92,175.18,176.5,1523.61,543.23,699.54,0.74,0,95,1008,22,0,0,0,0,0,0,0,0.73,0.81,0.91,1.23,42.93,1,09-01-2023 14:31:44,11.01,12.1,11.01,57.68,176.11,1,-65,50,0,1.15,0,1,12.47,12.47,95,31,31,0,0,140.25,14.37,1,49.89,0.99,1.01,1.01,1.16,0,0,0,51.88,5196282,0,0,0,0,41654,0.74,09-01-2023 14:31:44,09-01-2023 14:31:44,0.09,D6BDDAAB48F511EEA27F0030180A8FD7,699.54,927,8.47
TS14_230405_1 run 3,284.32,291.26,0.64,171.35,171.27,171.34,2763.75,3391.79,3606.4,0.74,0,96,821,1255,0,0,0,0,0,0,0,0.54,0.43,0.82,2.35,77.09,0.87,09-01-2023 14:31:44,19.03,22.93,19.26,71.05,176.97,5.18,-90,0,0.65,0.61,0,0.19,45.52,8.79,96,52,40,0,0,146.74,27.63,1,108.62,1,1,1,1.41,0,0,0,45.78,5196283,0,0,0,0,105949,0.57,09-01-2023 14:31:44,09-01-2023 14:31:44,0.17,D6BDDCFB48F511EEA27F0030180A8FD7,3606.4,6309.15,18.79
TS14_230405_1 run 3,76.32,76.32,0.9,173.62,174.82,174.8,1062.9,491.53,501.52,0.74,0,97,100,924,0,0,0,0,0,0,0,0.83,0.87,0.97,1.14,38.52,1,09-01-2023 14:31:44,9.86,10.81,9.86,53.89,180.28,1,-40,0,0,1.1,0,1,11.06,11.06,97,28,28,0,0,146.13,12.16,1,44.24,0.99,1.01,1,1.15,0,0,0,42.47,5196284,0,0,0,0,36679,0.65,09-01-2023 14:31:44,09-01-2023 14:31:44,0.09,D6BDDF3D48F511EEA27F0030180A8FD7,501.52,661.03,9.95
TS14_230405_1 run 3,139.66,139.66,0.27,166.35,166.86,167.26,854.52,631.88,1241.53,0.74,0,98,240,1055,0,0,0,0,0,0,0,0.19,0.29,0.43,3.45,70.85,0.75,09-01-2023 14:31:44,13.33,21,13.33,84.09,181.92,8.72,65,-20,0.46,0.68,0,0.11,43.58,5,98,51,35,0,0,148.6,29.84,1,97.15,1,1.01,1,1.37,0,0,0,35.06,5196285,0,0,0,0,59588,0.58,09-01-2023 14:31:44,09-01-2023 14:31:44,0.37,D6BDE1A548F511EEA27F0030180A8FD7,1241.53,4850.19,8.47
TS14_230405_1 run 3,62.67,62.67,0.88,167.69,167.04,166.59,612.53,397.18,373.21,0.74,0,99,239,703,0,0,0,0,0,0,0,0.77,0.62,0.92,1.61,38.06,0.92,09-01-2023 14:31:44,8.93,10.56,8.93,55.66,182.64,2.69,-85,25,0.56,0.64,0,0.37,17.8,6.62,99,29,29,0,0,147.46,11.42,1,48.84,1,0.99,1,1.28,0,0,0,33.93,5196286,0,0,0,0,31998,0.55,09-01-2023 14:31:44,09-01-2023 14:31:44,0.15,D6BDE40F48F511EEA27F0030180A8FD7,373.21,616.97,9.21
TS14_230405_1 run 3,264.03,264.03,0.96,176.74,176.1,175.58,4322.99,3157.18,3227.3,0.74,0,100,214,237,0,0,0,0,0,0,0,0.94,0.93,1,1.08,64.12,1,09-01-2023 14:31:44,18.33,18.83,18.33,44.05,182.97,1,-25,-90,0,1.15,0,1,17.66,17.66,100,39,40,0,0,149.49,20.26,1,70.62,1,0.99,1,1.1,0,0,0,48.5,5196287,0,0,0,0,101355,0.9,09-01-2023 14:31:44,09-01-2023 14:31:44,0.03,D6BDE66048F511EEA27F0030180A8FD7,3227.3,3496.88,18.05
TS14_230405_1 run 3,132.28,132.28,0.09,165.55,165.55,165.55,548.02,251.77,1144.52,0.74,0,101,168,63,0,0,0,0,0,0,0,0,0.15,0.14,6.58,113.95,0.66,09-01-2023 14:31:44,12.98,34.72,12.98,69.67,187.47,18.62,-60,35,0.15,0.87,0,0.05,62.31,3.35,101,74,56,0,0,134.03,54.16,1,131.32,1,1,1,1.15,0,0,0,16.23,5196288,0,0,0,0,51469,0.35,09-01-2023 14:31:44,09-01-2023 14:31:44,0.63,D6BDE8B848F511EEA27F0030180A8FD7,1144.52,21907.58,4.79
TS14_230405_1 run 3,128.83,128.83,0.46,165.56,165.19,164.56,710.14,1436.57,1099.97,0.74,0,102,149,1758,0,0,0,0,0,0,0,0.26,0.25,0.49,3.98,65.55,0.67,09-01-2023 14:31:44,12.81,19.3,12.81,61.79,187.86,10.41,30,-70,0.87,0.54,0,0.1,46.11,4.43,102,33,46,0,0,145.28,24.69,1,101.07,1,0.99,1,1.54,0,0,0,32.41,5196289,0,0,0,0,54626,0.27,09-01-2023 14:31:44,09-01-2023 14:31:44,0.34,D6BDEB0848F511EEA27F0030180A8FD7,1099.97,3765.75,12.16
TS14_230405_1 run 3,340.18,345.81,0.67,173.91,173.09,172.32,3130.04,4524.47,4719.88,0.74,0,103,188,1623,0,0,0,0,0,0,0,0.31,0.37,0.84,2.69,81.65,0.86,09-01-2023 14:31:44,20.81,24.52,20.98,50.16,194.95,6.28,-55,50,0.95,0.51,0,0.16,53.96,8.59,103,48,48,0,0,138.61,27.63,1,125.11,1,0.99,1,1.53,0,0,0,48.53,5196290,0,0,0,0,116708,0.23,09-01-2023 14:31:44,09-01-2023 14:31:44,0.15,D6BDED4F48F511EEA27F0030180A8FD7,4719.88,7721.24,20.26
TS14_230405_1 run 3,67.85,67.85,0.33,163.54,163.07,162.46,298.95,614.17,420.39,0.74,0,104,692,306,0,0,0,0,0,0,0,0.16,0.2,0.32,4.94,62.27,0.53,09-01-2023 14:31:44,9.29,18.26,9.29,55.29,195.77,13.45,-30,65,0.57,0.64,0,0.07,40.98,3.05,104,34,45,0,0,142.82,26.16,2,88.06,1,0.99,1,1.41,0,0,0,18.1,5196291,0,0,0,0,32848,0.14,09-01-2023 14:31:44,09-01-2023 14:31:44,0.49,D6BDEF9848F511EEA27F0030180A8FD7,420.39,3187.21,9.21
TS14_230405_1 run 3,1032.95,1047.38,0.45,175.33,175.76,176.18,19158.93,16546.62,24973.66,0.74,0,105,814,1141,0,0,0,0,0,0,0,0.32,0.57,0.74,1.77,140.03,0.95,09-01-2023 14:31:44,36.27,42.99,36.52,56.39,198.06,3.25,-85,5,0.14,0.87,0,0.31,63.67,19.57,105,89,52,0,0,127.77,55.64,1,166.48,1,1,1,1.19,0,0,0,60.26,5196292,0,0,0,0,289520,0.75,09-01-2023 14:31:44,09-01-2023 14:31:44,0.16,D6BDF1E148F511EEA27F0030180A8FD7,24973.66,41588.64,25.42
TS14_230405_1 run 3,48.27,48.27,0.05,168.9,169.08,168.98,164.33,42.08,252.29,0.74,0,106,658,544,0,0,0,0,0,0,0,0,0.13,0.1,7.44,85.97,0.98,09-01-2023 14:31:44,7.84,25.81,7.84,39.36,198.69,21.33,65,-20,0.12,0.9,0,0.05,45.66,2.14,106,68,30,0,0,142.59,40.9,1,95.61,1,1,1,1.11,0,0,0,3.25,5196293,0,0,0,0,25666,0.71,09-01-2023 14:31:44,09-01-2023 14:31:44,0.7,D6BDF42248F511EEA27F0030180A8FD7,252.29,9004.55,2.21
TS14_230405_1 run 3,51.34,51.34,0.48,173.45,174.05,174.61,265.48,407.52,276.71,0.74,0,107,803,1287,0,0,0,0,0,0,0,0.27,0.28,0.49,3.63,50.53,0.69,09-01-2023 14:31:44,8.08,14.59,8.08,48.38,199.94,9.31,-40,40,0.47,0.68,0,0.11,30.83,3.31,107,33,37,0,0,148.18,21,1,68.29,1,1.01,1,1.35,0,0,0,31.59,5196294,0,0,0,0,27857,0.31,09-01-2023 14:31:44,09-01-2023 14:31:44,0.45,D6BDF66248F511EEA27F0030180A8FD7,276.71,1627.74,8.47
TS14_230405_1 run 3,262.19,266.33,0.71,179.32,179.85,180.09,3963.14,2801.88,3193.64,0.74,0,108,754,329,0,0,0,0,0,0,0,0.62,0.7,0.91,1.43,67.6,0.98,09-01-2023 14:31:44,18.27,19.92,18.41,49.24,204.3,2,-80,15,0.17,0.85,0,0.5,27.26,13.61,108,45,39,0,0,146.7,23.21,1,81.73,1,1,1,1.21,0,0,0,49.81,5196295,0,0,0,0,98874,0.47,09-01-2023 14:31:44,09-01-2023 14:31:44,0.08,D6BDF8B948F511EEA27F0030180A8FD7,3193.64,4136.71,16.58
TS14_230405_1 run 3,150.13,150.13,0.63,165.29,165.12,164.29,1712.41,1147.96,1383.79,0.74,0,109,703,253,0,0,0,0,0,0,0,0.58,0.63,0.84,1.58,56.01,0.94,09-01-2023 14:31:44,13.83,16.23,13.83,88.49,204.44,2.59,-25,-90,0.25,0.8,0,0.39,24.43,9.45,109,32,40,0,0,139.04,19.53,1,67.75,1,0.99,0.99,1.21,0,0,0,34.93,5196296,0,0,0,0,59092,0.49,09-01-2023 14:31:44,09-01-2023 14:31:44,0.15,D6BDFB0448F511EEA27F0030180A8FD7,1383.79,2239.42,12.9
TS14_230405_1 run 3,75.91,75.91,0.96,173.41,174.32,174.08,903.21,489.75,497.52,0.74,0,110,465,666,0,0,0,0,0,0,0,0.92,0.97,0.99,1.03,37.26,1,09-01-2023 14:31:44,9.83,10.26,9.83,63.67,205.78,1,10,0,0,1.02,0,1,10.48,10.48,110,28,28,0,0,149.19,10.69,1,41.91,0.99,1,1,1.12,0,0,0,38.98,5196297,0,0,0,0,37298,0.83,09-01-2023 14:31:44,09-01-2023 14:31:44,0.04,D6BDFD4648F511EEA27F0030180A8FD7,497.52,564.72,9.95
TS14_230405_1 run 3,37.41,37.41,0.5,171.91,172.03,171.81,238.98,201.56,172.13,0.74,0,111,904,1541,0,0,0,0,0,0,0,0.47,0.39,0.56,2.59,36.98,0.76,09-01-2023 14:31:44,6.9,10.32,6.9,63.89,206.22,5.95,65,-45,0.62,0.62,0,0.17,22.1,3.71,111,30,27,0,0,145.55,13.63,1,51.61,1,1,1,1.4,0,0,0,27.71,5196298,0,0,0,0,21978,0.49,09-01-2023 14:31:44,09-01-2023 14:31:44,0.33,D6BDFF8248F511EEA27F0030180A8FD7,172.13,574.92,6.26
TS14_230405_1 run 3,68.65,86.97,0.94,167.56,166.4,165.53,1318.38,635.08,427.86,0.74,0,112,951,138,0,0,0,0,0,0,0,0.8,0.78,0.96,1.28,40.96,1,09-01-2023 14:31:44,9.35,11.48,10.52,69.97,208.56,1.21,-70,15,0.11,0.9,0,0.83,13.48,11.16,112,30,29,0,0,150.53,12.16,1,49.28,1.01,0.99,0.99,1.2,0,0,0,25.57,5196299,0,0,0,0,34924,0.67,09-01-2023 14:31:44,09-01-2023 14:31:44,0.19,D6BE01C248F511EEA27F0030180A8FD7,427.86,792.88,9.95
TS14_230405_1 run 3,23.96,23.96,0.03,164.78,165.51,169.94,65.55,20.69,88.21,0.74,0,113,133,540,0,0,0,0,0,0,0,0,0.09,0.06,11.21,85.9,0.77,09-01-2023 14:31:44,5.52,25.79,5.52,39.88,209.81,33.17,-90,0,0.1,0.91,0,0.03,45.12,1.36,113,70,16,0,0,141.78,40.9,1,92.95,1,1.03,1.03,1.08,0,0,0,6.82,5196300,0,0,0,0,16021,0.23,09-01-2023 14:31:44,09-01-2023 14:31:44,0.79,D6BE040848F511EEA27F0030180A8FD7,88.21,8983.15,2.21
TS14_230405_1 run 3,398.11,398.11,0.3,173.94,174.08,174.68,4227.89,3137.73,5975.35,0.74,0,114,124,545,0,0,0,0,0,0,0,0.13,0.44,0.51,2.28,108.27,0.87,09-01-2023 14:31:44,22.51,32.87,22.51,63.77,210.49,4.97,-90,0,0.07,0.93,0,0.2,51.01,10.27,114,79,34,0,0,152.5,47.53,1,122.57,1,1,1,1.13,0,0,0,52.29,5196301,0,0,0,0,147158,0.49,09-01-2023 14:31:44,09-01-2023 14:31:44,0.32,D6BE065E48F511EEA27F0030180A8FD7,5975.35,18601.73,14.37
TS14_230405_1 run 3,126.67,126.67,0.91,178.1,178.4,178.68,1285.38,1178.35,1072.49,0.74,0,115,245,437,0,0,0,0,0,0,0,0.71,0.58,0.92,1.71,50.25,0.93,09-01-2023 14:31:44,12.7,14.51,12.7,55.99,215.28,3.05,25,-45,0.5,0.67,0,0.33,24.8,8.12,115,33,33,0,0,148.54,16.58,1,65.85,1,1,1,1.31,0,0,0,52.38,5196302,0,0,0,0,55107,0.48,09-01-2023 14:31:44,09-01-2023 14:31:44,0.12,D6BE08C748F511EEA27F0030180A8FD7,1072.49,1600.5,12.9
TS14_230405_1 run 3,117.24,117.24,0.92,179.67,180.84,181.72,1540.05,902.38,954.92,0.74,0,116,311,867,0,0,0,0,0,0,0,0.92,0.95,1,1.05,44.54,1,09-01-2023 14:31:44,12.22,12.65,12.22,75.79,216.91,1,75,0,0,1.09,0,1,12.52,12.52,116,32,31,0,0,159.06,13.63,1,50.07,0.99,1.01,1,1.12,0,0,0,43.59,5196303,0,0,0,0,55512,0.92,09-01-2023 14:31:44,09-01-2023 14:31:44,0.03,D6BE0B3048F511EEA27F0030180A8FD7,954.92,1059.94,12.16
TS14_230405_1 run 3,414.22,414.22,0.19,172.28,173.28,174.35,4024.81,2418.53,6341.77,0.74,0,117,197,528,0,0,0,0,0,0,0,0,0.38,0.33,2.62,123.38,0.88,09-01-2023 14:31:44,22.97,37.75,22.97,63.52,217.86,6.08,-85,10,0.05,0.96,0,0.16,57.43,9.45,117,88,35,0,0,140.98,54.9,1,133.75,0.99,1.01,1.01,1.08,0,0,0,57.99,5196304,0,0,0,0,140835,0.47,09-01-2023 14:31:44,09-01-2023 14:31:44,0.39,D6BE1ED048F511EEA27F0030180A8FD7,6341.77,28157.85,10.69
TS14_230405_1 run 3,80.39,80.39,0.51,164.52,164.05,163.81,289.6,1245.46,542.24,0.74,0,118,761,1640,0,0,0,0,0,0,0,0.15,0.14,0.41,7.32,67.93,0.56,09-01-2023 14:31:44,10.12,20.1,10.12,73.41,219.34,20.94,-5,80,0.92,0.52,0,0.05,54.48,2.6,118,33,54,0,0,146.9,28.37,3,114.15,1,1,1,1.68,0,0,0,28.82,5196305,0,0,0,0,38341,0.23,09-01-2023 14:31:44,09-01-2023 14:31:44,0.5,D6BE212048F511EEA27F0030180A8FD7,542.24,4252.57,10.69
TS14_230405_1 run 3,1094.72,1099.21,0.51,149.85,148.75,147.6,22212.21,19773.7,27246.9,0.74,0,119,625,1867,0,0,0,0,0,0,0,0.38,0.61,0.79,1.63,145,0.95,09-01-2023 14:31:44,37.33,44.68,37.41,73.52,222.66,2.76,20,-90,0.01,0.99,0,0.36,60.01,21.71,119,53,89,0,0,102.43,59.32,1,163.43,1.01,0.99,0.99,1.13,0,0,0,55.69,5196306,0,0,0,0,244816,0.71,09-01-2023 14:31:44,09-01-2023 14:31:44,0.16,D6BE236348F511EEA27F0030180A8FD7,27246.9,46717.33,31.32
TS14_230405_1 run 3,210.23,210.23,0.82,162.15,160.69,159.03,2846.33,2142.38,2293.08,0.74,0,120,805,331,0,0,0,0,0,0,0,0.75,0.68,0.95,1.47,61.66,0.97,09-01-2023 14:31:44,16.36,18.07,16.36,52.08,227.02,2.14,60,0,0.26,0.79,0,0.47,25.52,11.92,120,39,35,0,0,137.77,20.26,1,74.87,1.01,0.98,0.99,1.21,0,0,0,42.85,5196307,0,0,0,0,77150,0.69,09-01-2023 14:31:44,09-01-2023 14:31:44,0.09,D6BE259248F511EEA27F0030180A8FD7,2293.08,3091.71,15.11
TS14_230405_1 run 3,118.95,118.95,0.22,167.2,166.91,166.86,736.7,311.09,975.89,0.74,0,121,136,291,0,0,0,0,0,0,0,0.18,0.31,0.39,3.22,70.23,0.87,09-01-2023 14:31:44,12.31,20.8,12.31,50.19,227.27,8.01,-10,75,0.22,0.82,0,0.12,39.17,4.89,121,26,56,0,0,152.03,32.06,1,88.13,1,1,1,1.25,0,0,0,25.45,5196308,0,0,0,0,53667,0.59,09-01-2023 14:31:44,09-01-2023 14:31:44,0.41,D6BE27C348F511EEA27F0030180A8FD7,975.89,4709.75,5.53
TS14_230405_1 run 3,129.26,129.26,0.94,177.98,178.75,179.2,1784.08,1064.8,1105.5,0.74,0,122,554,1525,0,0,0,0,0,0,0,0.93,0.93,1,1.07,46.75,1,09-01-2023 14:31:44,12.83,13.39,12.83,46.26,232.49,1,25,-25,0,1.09,0,1,13.15,13.15,122,33,32,0,0,155.9,14.37,1,52.58,1,1.01,1,1.12,0,0,0,46.02,5196309,0,0,0,0,58775,0.88,09-01-2023 14:31:44,09-01-2023 14:31:44,0.04,D6BE29F148F511EEA27F0030180A8FD7,1105.5,1256.17,12.16
TS14_230405_1 run 3,145.76,145.76,0.94,178.19,178.89,179.47,2060.91,1278.25,1323.77,0.74,0,123,522,1120,0,0,0,0,0,0,0,0.93,0.93,1,1.07,49.26,1,09-01-2023 14:31:44,13.62,14.19,13.62,35.34,233.34,1,-80,0,0,1.1,0,1,13.79,13.79,123,33,32,0,0,154.6,15.11,1,55.17,1,1.01,1,1.12,0,0,0,43.64,5196310,0,0,0,0,64161,0.89,09-01-2023 14:31:44,09-01-2023 14:31:44,0.04,D6BE2C1148F511EEA27F0030180A8FD7,1323.77,1494.57,12.9
TS14_230405_1 run 3,84.5,84.5,0.85,176.31,177.12,177.65,1120.8,526.61,584.27,0.74,0,124,777,1657,0,0,0,0,0,0,0,0.88,0.91,0.98,1.1,39.24,1,09-01-2023 14:31:44,10.37,11.05,10.37,87.94,235.41,1,5,-50,0,1.08,0,1,11.26,11.26,124,29,30,0,0,146.61,12.16,1,45.03,1,1.01,1,1.15,0,0,0,45.56,5196311,0,0,0,0,39730,0.84,09-01-2023 14:31:44,09-01-2023 14:31:44,0.06,D6BE2E3148F511EEA27F0030180A8FD7,584.27,707.13,9.21
TS14_230405_1 run 3,9449.62,9723.24,0.57,149.07,148.51,147.91,278436.47,640311.07,691011.73,0.74,0,125,500,104,0,0,0,0,0,0,0,0.28,0.29,0.77,3.45,424.03,0.8,09-01-2023 14:31:44,109.69,133.5,111.27,59.25,237.56,8.72,70,-30,0.96,0.51,0,0.11,299.92,34.38,125,218,171,0,0,106.09,152.91,2,668.6,1,0.99,1,1.58,0,0,0,54.6,5196312,0,0,0,0,1959551,0.68,09-01-2023 14:31:44,09-01-2023 14:31:44,0.18,D6BE309348F511EEA27F0030180A8FD7,691011.73,1245831.12,103.53
TS14_230405_1 run 3,63.46,63.46,0.93,178.89,180.16,181.42,424.47,529.36,380.31,0.74,0,126,536,955,0,0,0,0,0,0,0,0.66,0.4,0.83,2.52,42.89,0.78,09-01-2023 14:31:44,8.99,12.16,8.99,42.55,238.33,5.76,-60,10,0.92,0.52,0,0.17,26.17,4.54,126,32,30,0,0,144.46,13.63,2,61.42,0.99,1.01,1.01,1.43,0,0,0,40.5,5196313,0,0,0,0,31637,0.57,09-01-2023 14:31:44,09-01-2023 14:31:44,0.26,D6BE32BF48F511EEA27F0030180A8FD7,380.31,941.19,9.95
TS14_230405_1 run 3,123.66,123.66,0.94,173.7,172.97,171.61,1662.67,1001.42,1034.48,0.74,0,127,486,1250,0,0,0,0,0,0,0,0.91,0.94,0.99,1.06,45.78,1,09-01-2023 14:31:44,12.55,13.04,12.55,77.38,239.2,1,25,0,0,1.06,0,1,12.84,12.84,127,32,31,0,0,137.81,13.63,1,51.36,1,0.99,0.99,1.12,0,0,0,53.28,5196314,0,0,0,0,50162,0.85,09-01-2023 14:31:44,09-01-2023 14:31:44,0.04,D6BE34DB48F511EEA27F0030180A8FD7,1034.48,1160.74,12.16
TS14_230405_1 run 3,48.65,48.65,0.81,171.81,172.4,172.43,278.64,440.85,255.29,0.74,0,128,432,1634,0,0,0,0,0,0,0,0.57,0.32,0.7,3.08,40.5,0.69,09-01-2023 14:31:44,7.87,11.32,7.87,60.61,244.86,7.54,5,-85,1.11,0.47,0,0.13,27.23,3.61,128,29,32,0,0,140.51,12.9,2,61.68,1,1,1,1.52,0,0,0,44.94,5196315,0,0,0,0,25432,0.26,09-01-2023 14:31:44,09-01-2023 14:31:44,0.3,D6BE36F548F511EEA27F0030180A8FD7,255.29,759.44,9.21
TS14_230405_1 run 3,13.64,13.64,0.11,170.68,170.36,170.43,68.92,17.18,37.9,0.74,0,129,423,431,0,0,0,0,0,0,0,0.21,0.24,0.21,4.18,41.44,1,09-01-2023 14:31:44,4.17,11.65,4.17,23.88,245,11.05,-50,50,0.13,0.89,0,0.09,22.05,1.99,129,31,33,0,0,145,19.53,1,48.09,1,1,1,1.16,0,0,0,2.46,5196316,0,0,0,0,11745,0.61,09-01-2023 14:31:44,09-01-2023 14:31:44,0.64,D6BE392648F511EEA27F0030180A8FD7,37.9,827.28,1.47
TS14_230405_1 run 3,27.39,27.39,0.38,166.34,166.37,166.46,56.93,78556.6,107.85,0.74,0,130,752,29,0,0,0,0,0,0,0,0,0.05,0.01,18.69,218.85,0.02,09-01-2023 14:31:44,5.91,68.1,5.91,5.69,248.5,56.71,10,-65,0,1.44,0,0.02,61.54,1.09,130,91,138,0,0,168.72,88.8,13,125.26,1,1,1,0.57,0,0,0,1.34,5196317,0,0,0,0,20753,0.07,09-01-2023 14:31:44,09-01-2023 14:31:44,0.91,D6BE3B4748F511EEA27F0030180A8FD7,107.85,165377.03,43.11
TS14_230405_1 run 3,4.75,4.75,0.51,166.69,166.43,166.97,20.14,5985.12,7.79,0.74,0,131,800,59,0,0,0,0,0,0,0,0.27,0.25,0.02,3.99,68.75,0.08,09-01-2023 14:31:44,2.46,20.45,2.46,4.59,248.55,10.44,-55,40,0,2.01,0,0.1,14.09,1.35,131,44,41,0,0,168.23,28.37,3,30.88,1,1,1,0.45,0,0,0,1.4,5196318,0,0,0,0,5888,0,09-01-2023 14:31:44,09-01-2023 14:31:44,0.88,D6BE3D6648F511EEA27F0030180A8FD7,7.79,4477.27,12.16
TS14_230405_1 run 3,33.41,33.41,0.24,166.06,165.88,166.37,61.6,82990.57,145.29,0.74,0,132,732,29,0,0,0,0,0,0,0,0,0.04,0.01,23.38,243.81,0.03,09-01-2023 14:31:44,6.52,76.02,6.52,4.37,248.59,71.44,20,-70,0,1.43,0,0.01,73.69,1.03,132,102,144,0,0,168.49,105.75,12,149.45,1,1,1,0.61,0,0,0,1.43,5196319,0,0,0,0,23588,0.48,09-01-2023 14:31:44,09-01-2023 14:31:44,0.91,D6BE3F8748F511EEA27F0030180A8FD7,145.29,230060.73,31.32
TS14_230405_1 run 3,6.52,6.52,0.28,166.69,166.88,166.42,18.88,72248.72,12.51,0.74,0,133,728,63,0,0,0,0,0,0,0,0.36,0.1,0,10.4,187.17,0.02,09-01-2023 14:31:44,2.88,57.99,2.88,3.55,248.64,30.65,0,-80,0,2.93,0,0.03,28.26,0.92,133,61,129,0,0,168.69,82.9,5,58.37,1,1,1,0.31,0,0,0,0.94,5196320,0,0,0,0,8097,0.82,09-01-2023 14:31:44,09-01-2023 14:31:44,0.95,D6BE41A048F511EEA27F0030180A8FD7,12.51,102107.23,25.42
TS14_230405_1 run 3,6.92,6.92,0.26,165.53,165.71,165.71,21.12,32901.01,13.7,0.74,0,134,748,25,0,0,0,0,0,0,0,0,0.1,0.01,10,189.21,0.02,09-01-2023 14:31:44,2.97,58.64,2.97,4.52,248.69,29.37,20,-65,0,2.96,0,0.03,28.52,0.97,134,78,122,0,0,168.55,84.38,6,58.98,1,1,1,0.31,0,0,0,1.19,5196321,0,0,0,0,8596,0.19,09-01-2023 14:31:44,09-01-2023 14:31:44,0.95,D6BE43BB48F511EEA27F0030180A8FD7,13.7,105606.5,18.05
TS14_230405_1 run 3,15.17,15.17,0.37,166.03,166.4,165.67,40.87,44439.43,44.45,0.74,0,135,736,45,0,0,0,0,0,0,0,0,0.08,0.01,12.62,190.33,0.03,09-01-2023 14:31:44,4.39,59.03,4.39,4.95,248.74,37.61,10,-80,0,1.91,0,0.03,41.91,1.11,135,77,125,0,0,168.12,79.95,8,86.05,1,1,1,0.45,0,0,0,1.55,5196322,0,0,0,0,14458,0.07,09-01-2023 14:31:44,09-01-2023 14:31:44,0.93,D6BE45D748F511EEA27F0030180A8FD7,44.45,107721.54,31.32
TS14_230405_1 run 3,68.65,68.65,0.34,166.08,165.92,166.32,106.25,73604.5,427.86,0.74,0,136,742,32,0,0,0,0,0,0,0,0,0.03,0.02,35.42,239.96,0.04,09-01-2023 14:31:44,9.35,74.8,9.35,4.55,248.83,109.26,15,-90,0.09,0.91,0,0.01,117.32,1.07,136,83,157,0,0,168.16,107.22,20,236.79,1,1,1,0.99,0,0,0,1.28,5196323,0,0,0,0,39012,0.12,09-01-2023 14:31:44,09-01-2023 14:31:44,0.88,D6BE480948F511EEA27F0030180A8FD7,427.86,219089.93,36.48
TS14_230405_1 run 3,35.95,35.95,0.38,165.44,165.82,165.9,75.8,208369.08,162.13,0.74,0,137,739,23,0,0,0,0,0,0,0,0,0.06,0.01,18.02,274.91,0.02,09-01-2023 14:31:44,6.77,86.03,6.77,4.74,248.88,54.61,30,-75,0,1.71,0,0.02,66.02,1.21,137,114,160,0,0,168.35,113.11,13,134.46,1,1,1,0.49,0,0,0,1.27,5196324,0,0,0,0,24748,0.23,09-01-2023 14:31:44,09-01-2023 14:31:44,0.92,D6BE4A2F48F511EEA27F0030180A8FD7,162.13,333422.54,45.32
TS14_230405_1 run 3,86.97,86.97,0.61,155.82,155.83,155.79,434.79,769.4,610.11,0.74,0,138,572,275,0,0,0,0,0,0,0,0.46,0.24,0.66,4.2,50.56,0.74,09-01-2023 14:31:44,10.52,14.57,10.52,52.69,254.97,11.1,5,60,1.26,0.44,0,0.09,40.87,3.68,138,32,38,0,0,146.65,18.05,1,89.1,1,1,1,1.76,0,0,0,38.1,5196325,0,0,0,0,40621,0.04,09-01-2023 14:31:44,09-01-2023 14:31:44,0.28,D6BE4C5048F511EEA27F0030180A8FD7,610.11,1620.9,10.69
TS14_230405_1 run 3,44.48,44.48,0.06,169.26,169.28,169.54,152.98,220.08,223.15,0.74,0,139,752,1259,0,0,0,0,0,0,0,0,0.14,0.04,7.25,114.57,0.33,09-01-2023 14:31:44,7.53,34.94,7.53,42.98,258.03,20.73,-65,30,0,1.24,0,0.05,43.75,2.11,139,80,53,0,0,140.95,54.16,3,91.72,1,1,1,0.8,0,0,0,11.31,5196326,0,0,0,0,23962,0.29,09-01-2023 14:31:44,09-01-2023 14:31:44,0.78,D6BE4E6D48F511EEA27F0030180A8FD7,223.15,22336.61,4.79
TS14_230405_1 run 3,147.51,147.51,0.84,174.23,173.77,173.03,2453.94,1241.47,1347.65,0.74,0,140,803,291,0,0,0,0,0,0,0,0.81,0.84,0.97,1.2,50.82,1,09-01-2023 14:31:44,13.7,14.66,13.7,38.43,258.61,1,-50,45,0,1.08,0,1,14.62,14.62,140,33,35,0,0,146.43,15.84,1,58.48,1,0.99,1,1.15,0,0,0,48.35,5196327,0,0,0,0,61354,0.67,09-01-2023 14:31:44,09-01-2023 14:31:44,0.06,D6BE508C48F511EEA27F0030180A8FD7,1347.65,1648.37,12.9
TS14_230405_1 run 3,92.77,92.77,0.8,170.77,170.55,170.21,1071.28,652.08,672.18,0.74,0,141,564,1347,0,0,0,0,0,0,0,0.74,0.68,0.92,1.46,43.78,0.97,09-01-2023 14:31:44,10.87,12.45,10.87,78.52,263.55,2.12,-80,-15,0.34,0.74,0,0.47,18.31,8.63,141,32,30,0,0,144.46,13.63,1,53.88,1,1,1,1.23,0,0,0,46.94,5196328,0,0,0,0,42039,0.62,09-01-2023 14:31:44,09-01-2023 14:31:44,0.13,D6BE52A848F511EEA27F0030180A8FD7,672.18,1009.32,10.69
TS14_230405_1 run 3,969.85,984.74,0.98,155.92,154.87,153.77,19008.3,24873.24,22720.51,0.74,0,142,856,777,0,0,0,0,0,0,0,0.68,0.61,0.95,1.64,126.02,0.96,09-01-2023 14:31:44,35.14,38.63,35.41,63.89,265.95,2.79,-70,10,0.43,0.7,0,0.36,57.32,20.55,142,67,67,0,0,122.91,40.16,1,155.74,1.01,0.99,0.99,1.24,0,0,0,55.51,5196329,0,0,0,0,262904,0.57,09-01-2023 14:31:44,09-01-2023 14:31:44,0.09,D6BE54C648F511EEA27F0030180A8FD7,22720.51,30173.97,36.48
TS14_230405_1 run 3,424.67,436.08,0.35,167.41,167.4,167.32,4034.26,4544.99,6583.2,0.74,0,143,783,496,0,0,0,0,0,0,0,0.12,0.35,0.55,2.89,106.47,0.81,09-01-2023 14:31:44,23.25,32.32,23.56,77.13,269.25,6.93,-30,65,0.45,0.69,0,0.14,62.69,9.05,143,48,69,0,0,144.04,43.11,1,143.48,1,1,1,1.35,0,0,0,41.55,5196330,0,0,0,0,147068,0.47,09-01-2023 14:31:44,09-01-2023 14:31:44,0.28,D6BE571648F511EEA27F0030180A8FD7,6583.2,17679.22,17.32
TS14_230405_1 run 3,96.11,96.11,0.96,179.7,179.09,178.2,1153.34,690,708.76,0.74,0,144,310,873,0,0,0,0,0,0,0,0.94,0.99,1,1.01,40.92,1,09-01-2023 14:31:44,11.06,11.46,11.06,75.08,271.99,1,-70,0,0,1.07,0,1,11.37,11.37,144,30,29,0,0,152.08,12.16,1,45.47,1,0.99,1,1.11,0,0,0,46.46,5196331,0,0,0,0,45471,0.87,09-01-2023 14:31:44,09-01-2023 14:31:44,0.03,D6BE596648F511EEA27F0030180A8FD7,708.76,788.64,10.69
TS14_230405_1 run 3,1451.86,1456.4,0.88,162.65,161.83,161.06,30059.94,40185.76,41615.21,0.74,0,145,826,972,0,0,0,0,0,0,0,0.75,0.56,0.97,1.78,150.47,0.95,09-01-2023 14:31:44,42.99,46.32,43.06,52.86,274.53,3.29,0,-60,0.46,0.69,0,0.3,74.57,22.66,145,74,84,0,0,133.55,51.21,1,194.44,1.01,0.99,1,1.29,0,0,0,53.49,5196332,0,0,0,0,414266,0.66,09-01-2023 14:31:44,09-01-2023 14:31:44,0.07,D6BE5BB748F511EEA27F0030180A8FD7,41615.21,52043.97,41.63
TS14_230405_1 run 3,165.53,170.85,0.22,164.88,164.11,163.48,1178.52,557.56,1602.11,0.74,0,146,909,1664,0,0,0,0,0,0,0,0.13,0.33,0.4,3.06,80,0.94,09-01-2023 14:31:44,14.52,23.97,14.75,57.41,274.63,7.48,20,-65,0.2,0.83,0,0.13,43.78,5.85,146,38,58,0,0,138.16,36.48,1,99.27,1,0.99,1,1.24,0,0,0,27.24,5196333,0,0,0,0,63552,0.53,09-01-2023 14:31:44,09-01-2023 14:31:44,0.39,D6BE5DEC48F511EEA27F0030180A8FD7,1602.11,7210.87,5.53
TS14_230405_1 run 3,501.1,518.4,0.66,159.43,158.81,158.24,5285.12,8397.2,8438.25,0.74,0,147,346,373,0,0,0,0,0,0,0,0.51,0.37,0.82,2.72,104.08,0.86,09-01-2023 14:31:44,25.26,31.63,25.69,75.24,275.34,6.37,-50,55,0.68,0.6,0,0.16,64.9,10.18,147,56,60,0,0,132.5,38.69,1,150.17,1,0.99,1,1.44,0,0,0,45.01,5196334,0,0,0,0,156483,0.64,09-01-2023 14:31:44,09-01-2023 14:31:44,0.2,D6BE601348F511EEA27F0030180A8FD7,8438.25,16561.6,22.48
TS14_230405_1 run 3,82.44,82.44,0.8,177.3,178.38,179.14,913.95,550.09,563.09,0.74,0,148,167,1825,0,0,0,0,0,0,0,0.74,0.67,0.92,1.49,41.05,0.96,09-01-2023 14:31:44,10.25,11.5,10.25,41.25,278.03,2.23,0,-90,0.47,0.68,0,0.45,17.93,8.06,148,29,31,0,0,150.49,12.16,1,51.97,0.99,1.01,1,1.27,0,0,0,45.38,5196335,0,0,0,0,40031,0.65,09-01-2023 14:31:44,09-01-2023 14:31:44,0.11,D6BE623448F511EEA27F0030180A8FD7,563.09,797.12,10.69
TS14_230405_1 run 3,77.94,77.94,0.9,171.69,173.11,174.12,1109.49,511.85,517.65,0.74,0,149,170,1000,0,0,0,0,0,0,0,0.78,0.77,0.96,1.3,38.51,1,09-01-2023 14:31:44,9.96,10.81,9.96,38.82,279.03,1.33,-80,45,0.19,0.84,0,0.75,13.57,10.2,149,29,29,0,0,149.42,11.42,1,47.55,0.99,1.01,1.01,1.23,0,0,0,45.38,5196336,0,0,0,0,38102,0.51,09-01-2023 14:31:44,09-01-2023 14:31:44,0.08,D6BE645848F511EEA27F0030180A8FD7,517.65,661.03,9.95
TS14_230405_1 run 3,54.82,54.82,0.92,163.16,162.91,162.84,439.52,469.48,305.34,0.74,0,150,158,1457,0,0,0,0,0,0,0,0.6,0.51,0.78,1.96,39.53,0.83,09-01-2023 14:31:44,8.35,10.99,8.35,56.08,279.66,3.91,0,45,0.59,0.63,0,0.26,20.45,5.23,150,28,32,0,0,151.57,12.9,2,51.36,1,1,1,1.3,0,0,0,43.8,5196337,0,0,0,0,29859,0.28,09-01-2023 14:31:44,09-01-2023 14:31:44,0.24,D6BE667948F511EEA27F0030180A8FD7,305.34,695.41,9.21
TS14_230405_1 run 3,53.27,53.27,0.87,177.89,177.76,177.7,335.95,474.15,292.47,0.74,0,151,402,1201,0,0,0,0,0,0,0,0.62,0.37,0.75,2.69,40.11,0.78,09-01-2023 14:31:44,8.24,11.26,8.24,50.13,282.67,6.29,-85,-45,0.99,0.5,0,0.16,25.68,4.08,151,31,30,0,0,141.99,12.9,2,59.52,1,1,1,1.48,0,0,0,30.47,5196338,0,0,0,0,27405,0.55,09-01-2023 14:31:44,09-01-2023 14:31:44,0.27,D6BE68AA48F511EEA27F0030180A8FD7,292.47,747.14,9.21
TS14_230405_1 run 3,90.28,96.52,0.9,177.84,177.18,175.99,1340.5,673.12,645.27,0.74,0,152,186,281,0,0,0,0,0,0,0,0.88,0.9,0.99,1.12,41.74,1,09-01-2023 14:31:44,10.72,11.71,11.09,83.84,285.08,1,-30,65,0,1.08,0,1,11.95,11.95,152,30,30,0,0,150.11,12.9,1,47.8,1,0.99,0.99,1.15,0,0,0,39.52,5196339,0,0,0,0,42780,0.86,09-01-2023 14:31:44,09-01-2023 14:31:44,0.08,D6BE6AD048F511EEA27F0030180A8FD7,645.27,840.44,10.69
TS14_230405_1 run 3,104.08,104.08,0.82,179.32,180.36,180.73,1334.28,711.35,798.77,0.74,0,153,811,584,0,0,0,0,0,0,0,0.85,0.95,0.97,1.05,43.07,1,09-01-2023 14:31:44,11.51,12.14,11.51,98,287.42,1,-85,30,0,1.14,0,1,11.93,11.93,153,32,30,0,0,131.09,13.63,1,47.73,0.99,1.01,1,1.11,0,0,0,60.44,5196340,0,0,0,0,41686,0.84,09-01-2023 14:31:44,09-01-2023 14:31:44,0.05,D6BE6CE948F511EEA27F0030180A8FD7,798.77,936.44,9.95
TS14_230405_1 run 3,207.53,207.53,0.8,169.82,169.24,168.8,2489.74,2152.71,2248.93,0.74,0,154,702,93,0,0,0,0,0,0,0,0.72,0.62,0.92,1.62,62.46,0.94,09-01-2023 14:31:44,16.26,18.34,16.26,71.27,289.34,2.71,-40,40,0.36,0.74,0,0.37,28.55,10.54,154,38,41,0,0,139.56,21,1,78.17,1,0.99,1,1.25,0,0,0,48.79,5196341,0,0,0,0,77319,0.65,09-01-2023 14:31:44,09-01-2023 14:31:44,0.11,D6BE6F0248F511EEA27F0030180A8FD7,2248.93,3230.28,15.84
TS14_230405_1 run 3,41.11,41.11,0.12,156.84,156.83,156.71,218.47,86.63,198.26,0.74,0,155,370,1045,0,0,0,0,0,0,0,0,0.29,0.16,3.42,63.69,0.69,09-01-2023 14:31:44,7.23,18.79,7.23,34.26,290.44,8.64,-15,85,0,1.03,0,0.12,27.48,3.18,155,22,53,0,0,141.81,28.37,2,61.32,1,1,1,0.96,0,0,0,6.42,5196342,0,0,0,0,22831,0.53,09-01-2023 14:31:44,09-01-2023 14:31:44,0.61,D6BE712148F511EEA27F0030180A8FD7,198.26,3474.12,2.95
TS14_230405_1 run 3,66.65,66.65,0.14,169.41,170.11,170.81,208.55,319.16,409.29,0.74,0,156,172,1597,0,0,0,0,0,0,0,0,0.11,0.12,9.1,90.42,0.53,09-01-2023 14:31:44,9.21,27.24,9.21,47.35,294.56,26.56,-90,0,0.37,0.73,0,0.04,57.22,2.15,156,71,21,0,0,146.07,41.63,1,118.75,1,1.01,1,1.31,0,0,0,21.79,5196343,0,0,0,0,33157,0.47,09-01-2023 14:31:44,09-01-2023 14:31:44,0.66,D6BE733948F511EEA27F0030180A8FD7,409.29,10588.9,4.79
TS14_230405_1 run 3,65.85,65.85,0.73,171.19,171.74,171.95,703.97,361.65,401.96,0.74,0,157,463,1610,0,0,0,0,0,0,0,0.74,0.67,0.9,1.5,38.53,0.96,09-01-2023 14:31:44,9.16,10.69,9.16,57.36,297.34,2.27,0,-90,0.37,0.73,0,0.44,16.65,7.34,157,27,31,0,0,144.2,12.16,1,47.98,1,1,1,1.25,0,0,0,34.58,5196344,0,0,0,0,32444,0.71,09-01-2023 14:31:44,09-01-2023 14:31:44,0.14,D6BE755048F511EEA27F0030180A8FD7,401.96,638.75,9.21
TS14_230405_1 run 3,34.5,34.5,0.34,167.72,168.08,166.78,167.27,140.06,152.41,0.74,0,158,531,103,0,0,0,0,0,0,0,0.32,0.25,0.39,3.95,43.01,0.68,09-01-2023 14:31:44,6.63,12.1,6.63,67.51,299.41,10.32,-90,0,0.63,0.61,0,0.1,28.31,2.74,158,38,22,0,0,141.45,17.32,1,62.11,1,0.99,0.99,1.44,0,0,0,23.59,5196345,0,0,0,0,20227,0.41,09-01-2023 14:31:44,09-01-2023 14:31:44,0.45,D6BE776948F511EEA27F0030180A8FD7,152.41,927,5.53
TS14_230405_1 run 3,303.32,310.3,0.57,172.3,171.18,169.84,3246.67,3596.42,3973.97,0.74,0,159,355,809,0,0,0,0,0,0,0,0.45,0.47,0.76,2.11,84.33,0.92,09-01-2023 14:31:44,19.65,25.34,19.88,79.57,299.59,4.41,-80,5,0.35,0.74,0,0.23,43.18,9.78,159,57,38,0,0,139.32,32.06,1,105.92,1.01,0.99,0.99,1.26,0,0,0,47.33,5196346,0,0,0,0,106301,0.51,09-01-2023 14:31:44,09-01-2023 14:31:44,0.22,D6BE798B48F511EEA27F0030180A8FD7,3973.97,8520.77,16.58
TS14_230405_1 run 3,236.1,236.1,0.73,166.05,165.1,164.16,3643.37,2379.97,2728.97,0.74,0,160,575,1130,0,0,0,0,0,0,0,0.7,0.73,0.92,1.38,64.72,0.99,09-01-2023 14:31:44,17.34,19.18,17.34,54.88,300.7,1.75,25,80,0.08,0.93,0,0.57,24.2,13.85,160,37,43,0,0,153.35,22.48,1,76.09,1.01,0.99,0.99,1.18,0,0,0,49.94,5196347,0,0,0,0,94615,0.7,09-01-2023 14:31:44,09-01-2023 14:31:44,0.1,D6BE7BC748F511EEA27F0030180A8FD7,2728.97,3694.33,15.84
TS14_230405_1 run 3,6439.96,6455.68,0.31,166.63,166.48,166.36,112571.27,325290.4,388766.4,0.74,0,161,639,396,0,0,0,0,0,0,0,0,0.17,0.42,5.83,442.07,0.65,09-01-2023 14:31:44,90.55,139.15,90.66,57.69,301.13,16.25,50,-30,0.8,0.55,0,0.06,335.7,20.66,161,230,181,0,0,108.48,186.07,1,712.72,1,1,1,1.61,0,0,0,54.51,5196348,0,0,0,0,1382406,0.22,09-01-2023 14:31:44,09-01-2023 14:31:44,0.35,D6BE7E8D48F511EEA27F0030180A8FD7,388766.4,1410783.17,64.48
TS14_230405_1 run 3,274.16,274.16,0.96,181.28,181.34,181.2,4436.06,3329.63,3414.83,0.74,0,162,863,972,0,0,0,0,0,0,0,0.94,0.94,1,1.06,65.1,1,09-01-2023 14:31:44,18.68,19.2,18.68,34.12,301.47,1,55,0,0,1.14,0,1,17.81,17.81,162,41,39,0,0,153.18,20.26,1,71.24,1,1,1,1.09,0,0,0,46.58,5196349,0,0,0,0,107224,0.94,09-01-2023 14:31:44,09-01-2023 14:31:44,0.03,D6BE813A48F511EEA27F0030180A8FD7,3414.83,3706.17,18.05
TS14_230405_1 run 3,129.26,129.26,0.91,174.07,173.23,172.19,1572.51,1153.87,1105.5,0.74,0,163,385,1805,0,0,0,0,0,0,0,0.77,0.68,0.94,1.47,50.33,0.96,09-01-2023 14:31:44,12.83,14.51,12.83,44.9,301.61,2.14,-45,15,0.32,0.76,0,0.47,20.93,9.78,163,33,34,0,0,143.37,15.84,1,61.42,1,0.99,0.99,1.22,0,0,0,46.31,5196350,0,0,0,0,54051,0.6,09-01-2023 14:31:44,09-01-2023 14:31:44,0.12,D6BE836348F511EEA27F0030180A8FD7,1105.5,1600.5,12.9
TS14_230405_1 run 3,86.97,86.97,0.85,175.37,176.94,178.32,1283.74,562.45,610.11,0.74,0,164,649,1689,0,0,0,0,0,0,0,0.84,0.85,0.97,1.17,40.04,1,09-01-2023 14:31:44,10.52,11.22,10.52,83.69,302.19,1,20,-45,0,1.03,0,1,11.78,11.78,164,30,30,0,0,150.26,12.16,1,47.12,0.99,1.02,1.01,1.18,0,0,0,48.44,5196351,0,0,0,0,41621,0.72,09-01-2023 14:31:44,09-01-2023 14:31:44,0.06,D6BE858748F511EEA27F0030180A8FD7,610.11,739.02,9.21
TS14_230405_1 run 3,130.12,135.31,0.35,161.49,160.22,158.89,799.88,903.89,1116.59,0.74,0,165,769,263,0,0,0,0,0,0,0,0.15,0.28,0.48,3.61,64.05,0.79,09-01-2023 14:31:44,12.87,18.89,13.13,56.83,302.24,9.23,-30,50,0.69,0.59,0,0.11,44.26,4.8,165,37,45,0,0,135.45,26.16,1,98.12,1.01,0.98,0.99,1.53,0,0,0,37.12,5196352,0,0,0,0,51334,0.26,09-01-2023 14:31:44,09-01-2023 14:31:44,0.32,D6BE87AC48F511EEA27F0030180A8FD7,1116.59,3531.2,9.95
TS14_230405_1 run 3,84.91,84.91,0.46,164.46,163.8,163.16,478.25,571.99,588.54,0.74,0,166,206,1440,0,0,0,0,0,0,0,0.42,0.29,0.57,3.44,51.86,0.75,09-01-2023 14:31:44,10.4,14.94,10.4,56.89,303.58,8.69,30,-55,0.83,0.55,0,0.12,35.83,4.12,166,33,37,0,0,150.35,19.53,1,79.9,1,0.99,1,1.54,0,0,0,28.29,5196353,0,0,0,0,40894,0.39,09-01-2023 14:31:44,09-01-2023 14:31:44,0.3,D6BE89D148F511EEA27F0030180A8FD7,588.54,1746.97,9.21
TS14_230405_1 run 3,142.7,151.01,0.91,173.29,173.29,173.31,1434.88,1539.16,1282.38,0.74,0,167,760,1789,0,0,0,0,0,0,0,0.74,0.52,0.92,1.91,55.39,0.9,09-01-2023 14:31:44,13.48,16.13,13.87,58.55,304.78,3.73,-45,75,0.7,0.59,0,0.27,29.43,7.88,167,35,37,0,0,142.51,17.32,1,74.61,1,1,1,1.35,0,0,0,41.24,5196354,0,0,0,0,58144,0.59,09-01-2023 14:31:44,09-01-2023 14:31:44,0.16,D6BE8BEE48F511EEA27F0030180A8FD7,1282.38,2197.33,13.63
TS14_230405_1 run 3,248.43,248.43,0.85,179.7,179.68,179.58,5024.86,2760.41,2945.57,0.74,0,168,659,345,0,0,0,0,0,0,0,0.79,0.8,0.97,1.25,64.16,1,09-01-2023 14:31:44,17.79,18.91,17.79,34.5,304.97,1,-50,-90,0,1.17,0,1,18.56,18.56,168,38,39,0,0,148.54,21.74,1,74.26,1,1,1,1.16,0,0,0,45.32,5196355,0,0,0,0,95662,0.69,09-01-2023 14:31:44,09-01-2023 14:31:44,0.06,D6BE8E2048F511EEA27F0030180A8FD7,2945.57,3542.69,17.32
TS14_230405_1 run 3,289.41,293.58,0.49,150.83,149.86,148.86,2959.14,3055.28,3703.67,0.74,0,169,800,1691,0,0,0,0,0,0,0,0.35,0.46,0.69,2.17,81.02,0.88,09-01-2023 14:31:44,19.2,24.32,19.33,78.04,305.41,4.61,10,-90,0.41,0.71,0,0.22,43.09,9.35,169,35,55,0,0,134.26,30.58,1,104.88,1.01,0.99,0.99,1.29,0,0,0,33.39,5196356,0,0,0,0,98412,0.44,09-01-2023 14:31:44,09-01-2023 14:31:44,0.21,D6BE904948F511EEA27F0030180A8FD7,3703.67,7529.5,15.11
TS14_230405_1 run 3,72.27,72.27,0.79,177.17,177.79,177.99,734.16,441.16,462.14,0.74,0,170,583,1125,0,0,0,0,0,0,0,0.72,0.63,0.92,1.58,38.88,1,09-01-2023 14:31:44,9.59,10.91,9.59,53.82,305.5,2.57,10,-90,0.51,0.66,0,0.39,18.32,7.14,170,27,30,0,0,142.98,12.16,1,50.93,1,1,1,1.31,0,0,0,46.37,5196357,0,0,0,0,34459,0.61,09-01-2023 14:31:44,09-01-2023 14:31:44,0.12,D6BE926D48F511EEA27F0030180A8FD7,462.14,679.98,9.21
TS14_230405_1 run 3,84.5,84.5,0.93,175.71,176.19,176.63,1075.84,558.51,584.27,0.74,0,171,376,1058,0,0,0,0,0,0,0,0.92,0.94,0.99,1.07,38.93,1,09-01-2023 14:31:44,10.37,10.85,10.37,52.54,305.74,1,40,-60,0,1.09,0,1,11.11,11.11,171,29,29,0,0,158.19,12.16,1,44.42,1,1.01,1,1.14,0,0,0,36.28,5196358,0,0,0,0,42870,0.88,09-01-2023 14:31:44,09-01-2023 14:31:44,0.04,D6BE948E48F511EEA27F0030180A8FD7,584.27,668.57,9.95
TS14_230405_1 run 3,195.38,207.98,0.74,163.06,162.73,162.25,1137.17,4907.77,2054.4,0.74,0,172,627,524,0,0,0,0,0,0,0,0.33,0.21,0.56,4.82,84.55,0.56,09-01-2023 14:31:44,15.77,25.38,16.27,48.63,306.74,13.06,10,80,1.33,0.43,0,0.08,62.73,4.8,172,46,49,0,0,147.48,26.9,2,135.07,1,1,1,1.6,0,0,0,38.49,5196359,0,0,0,0,77724,0.15,09-01-2023 14:31:44,09-01-2023 14:31:44,0.38,D6BE96B348F511EEA27F0030180A8FD7,2054.4,8562.13,21.74
TS14_230405_1 run 3,930.68,951,0.67,173.43,173.24,173.05,8914.35,21037.52,21358.24,0.74,0,173,143,1399,0,0,0,0,0,0,0,0.25,0.23,0.83,4.33,133.26,0.85,09-01-2023 14:31:44,34.42,40.86,34.8,53.73,308.75,11.53,50,-25,1.38,0.42,0,0.09,114.68,9.95,173,73,65,0,0,131.85,48.27,2,249.26,1,1,1,1.87,0,0,0,50.77,5196360,0,0,0,0,271606,0.42,09-01-2023 14:31:44,09-01-2023 14:31:44,0.16,D6BE98D348F511EEA27F0030180A8FD7,21358.24,35710.7,32.79
TS14_230405_1 run 3,100.72,100.72,0.77,172.47,172.96,172.94,1563.5,666.85,760.34,0.74,0,174,933,960,0,0,0,0,0,0,0,0.78,0.84,0.94,1.2,43.64,1,09-01-2023 14:31:44,11.32,12.3,11.32,68.77,308.84,1,50,0,0,1.14,0,1,12.58,12.58,174,33,29,0,0,132.86,14.37,1,50.32,1,1,1,1.15,0,0,0,61.37,5196361,0,0,0,0,41188,0.84,09-01-2023 14:31:44,09-01-2023 14:31:44,0.08,D6BE9C1A48F511EEA27F0030180A8FD7,760.34,974.86,10.69
TS14_230405_1 run 3,1680.84,1697.56,0.78,149.17,148.31,147.44,30053.8,48845.07,51838.51,0.74,0,175,204,26,0,0,0,0,0,0,0,0.67,0.43,0.93,2.31,167.85,0.91,09-01-2023 14:31:44,46.26,51.91,46.49,84.43,308.84,5.05,20,-75,0.71,0.58,0,0.2,99.2,19.64,175,77,89,0,0,117.42,57.85,1,237.69,1.01,0.99,0.99,1.42,0,0,0,45.57,5196361,0,0,0,0,417414,0.74,09-01-2023 14:31:44,09-01-2023 14:31:44,0.11,D6BE9E6848F511EEA27F0030180A8FD7,51838.51,73242.73,42.37
TS14_230405_1 run 3,263.57,277.85,0.57,166.32,165.83,165.46,2172.27,3095.19,3218.87,0.74,0,176,210,820,0,0,0,0,0,0,0,0.27,0.33,0.75,3.04,87.43,0.78,09-01-2023 14:31:44,18.32,26.26,18.81,59.24,309.38,7.43,50,-35,0.56,0.64,0,0.13,53.44,7.19,176,59,42,0,0,147.96,34.27,2,121.27,1,0.99,1,1.39,0,0,0,34.36,5196362,0,0,0,0,100169,0.3,09-01-2023 14:31:44,09-01-2023 14:31:44,0.3,D6BEA09A48F511EEA27F0030180A8FD7,3218.87,9484.11,16.58
TS14_230405_1 run 3,42.97,42.97,0.53,169.1,170.09,171.34,231.48,234.66,211.93,0.74,0,177,907,1614,0,0,0,0,0,0,0,0.49,0.3,0.62,3.36,40.5,0.78,09-01-2023 14:31:44,7.4,11.42,7.4,73.87,310.24,8.43,65,-30,0.66,0.6,0,0.12,27.57,3.27,177,36,26,0,0,148.13,16.58,2,61.68,0.99,1.01,1.01,1.52,0,0,0,39.69,5196363,0,0,0,0,24589,0.36,09-01-2023 14:31:44,09-01-2023 14:31:44,0.35,D6BEA2D748F511EEA27F0030180A8FD7,211.93,780.22,6.26
TS14_230405_1 run 3,271.85,271.85,0.96,180.47,180.71,180.74,4517.2,3300.83,3371.85,0.74,0,178,901,1135,0,0,0,0,0,0,0,0.94,0.92,1,1.08,64.95,1,09-01-2023 14:31:44,18.6,19.12,18.6,43.5,310.86,1,65,0,0,1.13,0,1,17.92,17.92,178,41,39,0,0,153.51,20.26,1,71.67,1,1,1,1.1,0,0,0,48.98,5196364,0,0,0,0,106689,0.93,09-01-2023 14:31:44,09-01-2023 14:31:44,0.03,D6BEA5A448F511EEA27F0030180A8FD7,3371.85,3658.96,18.05
TS14_230405_1 run 3,121.52,121.52,0.75,168.53,168.74,168.96,855.68,1331.82,1007.68,0.74,0,179,871,1854,0,0,0,0,0,0,0,0.48,0.37,0.75,2.67,57.67,0.77,09-01-2023 14:31:44,12.44,16.87,12.44,61.87,313.55,6.24,45,0,0.79,0.56,0,0.16,34.88,5.59,179,41,32,0,0,146.11,19.53,2,80.94,1,1,1,1.4,0,0,0,38.56,5196365,0,0,0,0,52452,0.36,09-01-2023 14:31:44,09-01-2023 14:31:44,0.26,D6BEA90E48F511EEA27F0030180A8FD7,1007.68,2512.46,12.9
TS14_230405_1 run 3,4148.65,4391.33,0.46,159.64,159.73,159.82,52169.81,257174.65,201012.95,0.74,0,180,283,244,0,0,0,0,0,0,0,0,0.12,0.53,8.58,353.7,0.59,09-01-2023 14:31:44,72.68,111.07,74.77,64.69,314.84,24.9,-50,40,1.45,0.41,0,0.04,345.34,13.87,180,173,164,0,0,142.74,141.12,4,718.41,1,1,1,2.03,0,0,0,40.57,5196366,0,0,0,0,1192292,0.18,09-01-2023 14:31:44,09-01-2023 14:31:44,0.35,D6BEACD848F511EEA27F0030180A8FD7,201012.95,717391.39,71.85
TS14_230405_1 run 3,834.82,839.26,0.8,156.72,156.12,155.49,15981.98,16858.91,18144.85,0.74,0,181,654,622,0,0,0,0,0,0,0,0.72,0.64,0.95,1.57,116.29,0.96,09-01-2023 14:31:44,32.6,35.58,32.69,76.64,315.08,2.55,60,-45,0.25,0.8,0,0.39,50.94,19.99,181,63,63,0,0,127.46,40.9,1,141.86,1,0.99,1,1.22,0,0,0,50.44,5196367,0,0,0,0,237840,0.66,09-01-2023 14:31:44,09-01-2023 14:31:44,0.08,D6BEB14A48F511EEA27F0030180A8FD7,18144.85,23575.78,30.58
TS14_230405_1 run 3,34.5,34.5,0.39,170.1,169.69,169.39,164.74,261.1,152.41,0.74,0,182,390,720,0,0,0,0,0,0,0,0.26,0.25,0.36,4.05,46.44,0.54,09-01-2023 14:31:44,6.63,13.2,6.63,70.53,318.83,10.64,-20,80,0.53,0.65,0,0.09,28.75,2.7,182,25,39,0,0,146.9,18.79,2,62.9,1,1,1,1.35,0,0,0,22.75,5196368,0,0,0,0,21006,0.47,09-01-2023 14:31:44,09-01-2023 14:31:44,0.5,D6BEB55048F511EEA27F0030180A8FD7,152.41,1205.02,7
TS14_230405_1 run 3,1089.23,1104.69,0.75,166.06,165.4,164.63,15835.94,24871.57,27042.36,0.74,0,183,785,576,0,0,0,0,0,0,0,0.6,0.41,0.93,2.45,135.73,0.91,09-01-2023 14:31:44,37.24,41.68,37.5,58.03,319.55,5.51,-55,35,0.79,0.56,0,0.18,84.94,15.41,183,69,74,0,0,131.28,47.53,1,200.69,1,0.99,1,1.48,0,0,0,50.3,5196369,0,0,0,0,312310,0.57,09-01-2023 14:31:44,09-01-2023 14:31:44,0.11,D6BEB92C48F511EEA27F0030180A8FD7,27042.36,37900.95,34.27
TS14_230405_1 run 3,64.26,64.26,0.5,169.24,167.61,166.14,435.65,480.2,387.47,0.74,0,184,883,814,0,0,0,0,0,0,0,0.42,0.4,0.56,2.48,45.94,0.76,09-01-2023 14:31:44,9.05,13.12,9.05,61.07,321.84,5.62,50,-40,0.57,0.64,0,0.18,25.96,4.62,184,34,30,0,0,147.54,16.58,1,61.17,1.01,0.98,0.99,1.33,0,0,0,29.69,5196370,0,0,0,0,32607,0.26,09-01-2023 14:31:44,09-01-2023 14:31:44,0.31,D6BEBD8548F511EEA27F0030180A8FD7,387.47,1182.74,9.21
TS14_230405_1 run 3,136.18,136.18,0.91,176.56,177.36,178.13,1873.41,1128.36,1195.48,0.74,0,185,496,1755,0,0,0,0,0,0,0,0.91,0.94,0.99,1.07,47.69,1,09-01-2023 14:31:44,13.17,13.65,13.17,27.68,323.42,1,15,-65,0,1.08,0,1,13.36,13.36,185,32,33,0,0,155.59,14.37,1,53.45,1,1.01,1,1.12,0,0,0,45,5196371,0,0,0,0,61146,0.91,09-01-2023 14:31:44,09-01-2023 14:31:44,0.04,D6BEC1A048F511EEA27F0030180A8FD7,1195.48,1332.58,12.16
TS14_230405_1 run 3,650.07,650.07,0.84,163.1,162.62,162.09,10724.21,12035.36,12468.11,0.74,0,186,860,1297,0,0,0,0,0,0,0,0.7,0.61,0.95,1.65,106.48,0.91,09-01-2023 14:31:44,28.77,32.46,28.77,70.42,324.05,2.84,-80,-25,0.37,0.73,0,0.35,47.88,16.89,186,61,57,0,0,132.59,35,1,129.53,1,0.99,1,1.22,0,0,0,48.46,5196372,0,0,0,0,197422,0.68,09-01-2023 14:31:44,09-01-2023 14:31:44,0.11,D6BEC56848F511EEA27F0030180A8FD7,12468.11,17915.39,29.11
TS14_230405_1 run 3,130.12,130.12,0.72,178.73,178.98,179,1122.99,1118.18,1116.59,0.74,0,187,287,1017,0,0,0,0,0,0,0,0.59,0.48,0.85,2.07,53.61,0.9,09-01-2023 14:31:44,12.87,15.5,12.87,49.51,325.39,4.26,70,0,0.52,0.66,0,0.23,29.62,6.95,187,40,31,0,0,147.72,19.53,1,73.14,1,1,1,1.36,0,0,0,35.64,5196373,0,0,0,0,55985,0.46,09-01-2023 14:31:44,09-01-2023 14:31:44,0.17,D6BEC8A048F511EEA27F0030180A8FD7,1116.59,1948.07,12.16
TS14_230405_1 run 3,581.13,586.94,0.77,159.6,158.37,157.19,6236.78,10796.38,10538.28,0.74,0,188,329,470,0,0,0,0,0,0,0,0.4,0.37,0.88,2.72,104.12,0.86,09-01-2023 14:31:44,27.2,31.56,27.34,55.51,329.89,6.37,-40,75,0.96,0.51,0,0.16,68.58,10.76,188,54,59,0,0,146.51,35,1,158.68,1.01,0.98,0.99,1.52,0,0,0,46.27,5196374,0,0,0,0,197343,0.29,09-01-2023 14:31:44,09-01-2023 14:31:44,0.14,D6BECB4848F511EEA27F0030180A8FD7,10538.28,16465.31,27.63
TS14_230405_1 run 3,410.9,410.9,0.61,161.37,161.28,161.2,4721.39,5405.58,6265.66,0.74,0,189,172,1712,0,0,0,0,0,0,0,0.46,0.48,0.81,2.09,90.68,0.89,09-01-2023 14:31:44,22.87,27.29,22.87,54.49,332.11,4.33,-30,80,0.44,0.69,0,0.23,48.27,11.16,189,46,57,0,0,148.46,33.53,1,118.86,1,1,1,1.31,0,0,0,43.69,5196375,0,0,0,0,147269,0.37,09-01-2023 14:31:44,09-01-2023 14:31:44,0.16,D6BECE2748F511EEA27F0030180A8FD7,6265.66,10636.71,21
TS14_230405_1 run 3,60.69,60.69,0.81,177.8,178,177.92,393.54,427.23,355.7,0.74,0,190,355,1171,0,0,0,0,0,0,0,0.68,0.38,0.83,2.62,41.04,0.8,09-01-2023 14:31:44,8.79,11.63,8.79,49.96,333.34,6.08,-50,0,1.05,0.49,0,0.16,26.45,4.35,190,31,29,0,0,142.63,12.9,1,61.6,1,1,1,1.5,0,0,0,31.43,5196376,0,0,0,0,30237,0.58,09-01-2023 14:31:44,09-01-2023 14:31:44,0.24,D6BED06D48F511EEA27F0030180A8FD7,355.7,822.93,10.69
TS14_230405_1 run 3,69.45,69.45,0.91,163.88,160.57,157.52,1014.33,415.12,435.38,0.74,0,191,316,391,0,0,0,0,0,0,0,0.86,0.84,0.98,1.19,37.17,1,09-01-2023 14:31:44,9.4,10.36,9.4,90.88,335.84,1,-75,30,0,1.12,0,1,10.89,10.89,191,30,28,0,0,101.71,12.16,1,43.56,1.02,0.96,0.98,1.17,0,0,0,29.69,5196377,0,0,0,0,23801,0.79,09-01-2023 14:31:44,09-01-2023 14:31:44,0.09,D6BED2AC48F511EEA27F0030180A8FD7,435.38,581.79,9.21
TS14_230405_1 run 3,60.3,63.86,0.54,171.65,171.31,170.66,567.22,279.94,352.24,0.74,0,192,310,1432,0,0,0,0,0,0,0,0.59,0.56,0.77,1.77,40.64,0.91,09-01-2023 14:31:44,8.76,11.48,9.02,61.84,336.22,3.27,-50,50,0.38,0.73,0,0.31,19.76,6.05,192,29,32,0,0,149.69,14.37,1,51.61,1,0.99,1,1.27,0,0,0,34.16,5196378,0,0,0,0,31585,0.58,09-01-2023 14:31:44,09-01-2023 14:31:44,0.24,D6BED4E448F511EEA27F0030180A8FD7,352.24,792.88,7
TS14_230405_1 run 3,15083.92,18193.48,0.61,161.21,161.17,161.11,283106.48,3473792.3,1393590.58,0.74,0,193,276,1301,0,0,0,0,0,0,0,0,0.06,0.5,17.43,892.58,0.38,09-01-2023 14:31:44,138.58,282.66,152.2,50.54,338.86,52.75,0,70,1.79,0.36,0,0.02,1000.95,18.98,193,333,502,0,0,140,359.24,4,2039.86,1,1,1,2.29,0,0,0,43.81,5196379,0,0,0,0,4077076,0.31,09-01-2023 14:31:44,09-01-2023 14:31:44,0.51,D6BED71A48F511EEA27F0030180A8FD7,1393590.58,11825063.43,217.75
TS14_230405_1 run 3,169.96,169.96,0.74,169.56,168.93,168.5,1447.97,1772.04,1666.79,0.74,0,194,888,1233,0,0,0,0,0,0,0,0.58,0.44,0.84,2.26,63.58,0.84,09-01-2023 14:31:44,14.71,18.67,14.71,50.88,340.97,4.89,-90,20,0.63,0.62,0,0.2,35.33,7.22,194,44,37,0,0,141,21.74,1,85.11,1,0.99,1,1.34,0,0,0,42.78,5196380,0,0,0,0,66269,0.46,09-01-2023 14:31:44,09-01-2023 14:31:44,0.21,D6BED96648F511EEA27F0030180A8FD7,1666.79,3406.44,15.11
TS14_230405_1 run 3,174.84,174.84,0.96,181.69,182.24,182.5,1149.28,2202.71,1739.1,0.74,0,195,673,843,0,0,0,0,0,0,0,0.66,0.3,0.87,3.32,62.18,0.81,09-01-2023 14:31:44,14.92,18.22,14.92,40.89,343.13,8.32,85,0,1.14,0.47,0,0.12,46.62,5.6,195,44,36,0,0,152.31,21.74,2,104.45,1,1,1,1.68,0,0,0,44.67,5196381,0,0,0,0,73263,0.66,09-01-2023 14:31:44,09-01-2023 14:31:44,0.18,D6BEDBB348F511EEA27F0030180A8FD7,1739.1,3165.82,15.84
TS14_230405_1 run 3,189.56,189.56,0.91,178.11,178.46,178.72,2868.95,1861.26,1963.21,0.74,0,196,689,461,0,0,0,0,0,0,0,0.92,0.92,0.99,1.08,55.37,1,09-01-2023 14:31:44,15.54,16.13,15.54,32.76,346.05,1,-55,-90,0,1.12,0,1,15.4,15.4,196,35,37,0,0,156.52,17.32,1,61.6,1,1,1,1.11,0,0,0,43,5196382,0,0,0,0,80453,0.89,09-01-2023 14:31:44,09-01-2023 14:31:44,0.04,D6BEDF9548F511EEA27F0030180A8FD7,1963.21,2197.33,15.11
TS14_230405_1 run 3,127.53,127.53,0.93,164.53,163.87,162.88,880.66,1460.88,1083.44,0.74,0,197,166,1253,0,0,0,0,0,0,0,0.62,0.36,0.83,2.79,55.85,0.8,09-01-2023 14:31:44,12.74,16.33,12.74,49.06,348.55,6.61,25,-80,1.03,0.49,0,0.15,36.59,5.54,197,35,36,0,0,145.66,18.05,2,84.25,1,0.99,0.99,1.51,0,0,0,37.87,5196383,0,0,0,0,54331,0.45,09-01-2023 14:31:44,09-01-2023 14:31:44,0.22,D6BEE22348F511EEA27F0030180A8FD7,1083.44,2282.05,14.37
TS14_230405_1 run 3,339.71,343.93,0.67,168.96,168.29,167.62,4115.74,4241.39,4710.14,0.74,0,198,621,410,0,0,0,0,0,0,0,0.57,0.54,0.86,1.87,82.22,0.9,09-01-2023 14:31:44,20.8,24.69,20.93,59.54,349.02,3.58,-90,25,0.36,0.73,0,0.28,40.66,11.35,198,55,42,0,0,144.95,29.84,1,104.02,1,0.99,1,1.27,0,0,0,44.08,5196384,0,0,0,0,121907,0.61,09-01-2023 14:31:44,09-01-2023 14:31:44,0.16,D6BEE59E48F511EEA27F0030180A8FD7,4710.14,7876.96,18.79
TS14_230405_1 run 3,71.86,71.86,0.71,161.2,159.48,157.96,1139.79,375.6,458.27,0.74,0,199,508,1172,0,0,0,0,0,0,0,0.76,0.8,0.92,1.25,38.85,1,09-01-2023 14:31:44,9.57,10.85,9.57,47.09,349.27,1,20,-65,0,1.14,0,1,11.32,11.32,199,28,30,0,0,129.45,12.9,1,45.29,1.01,0.98,0.99,1.17,0,0,0,13.26,5196385,0,0,0,0,31069,0.7,09-01-2023 14:31:44,09-01-2023 14:31:44,0.12,D6BEE7D948F511EEA27F0030180A8FD7,458.27,668.57,9.21
TS14_230405_1 run 3,49.04,62.27,0.7,161.96,160.64,159.12,493.75,363.55,258.3,0.74,0,200,468,1696,0,0,0,0,0,0,0,0.69,0.5,0.83,2.01,40.51,0.88,09-01-2023 14:31:44,7.9,11.38,8.9,87.92,350.36,4.08,20,-60,0.61,0.62,0,0.24,21.88,5.36,200,30,30,0,0,133.06,13.63,1,54.49,1.01,0.98,0.99,1.34,0,0,0,17.75,5196386,0,0,0,0,24217,0.67,09-01-2023 14:31:44,09-01-2023 14:31:44,0.31,D6BEEA0F48F511EEA27F0030180A8FD7,258.3,771.86,9.21
TS14_230405_1 run 3,185.08,185.08,0.78,161.97,161.66,161.41,1821.09,2133.77,1894.18,0.74,0,201,728,1229,0,0,0,0,0,0,0,0.55,0.52,0.83,1.93,64.81,0.86,09-01-2023 14:31:44,15.35,19.12,15.35,65.72,352.58,3.81,0,60,0.49,0.67,0,0.26,32.3,8.47,201,37,44,0,0,142.69,21.74,1,81.55,1,1,1,1.26,0,0,0,39.87,5196387,0,0,0,0,71916,0.43,09-01-2023 14:31:44,09-01-2023 14:31:44,0.2,D6BEEC4448F511EEA27F0030180A8FD7,1894.18,3658.96,15.84
TS14_230405_1 run 3,981.26,990.2,0.69,167.46,167.33,167.14,14714.17,21757.47,23122.83,0.74,0,202,857,1045,0,0,0,0,0,0,0,0.45,0.45,0.86,2.21,138.14,0.85,09-01-2023 14:31:44,35.35,42.45,35.51,61.14,355.55,4.73,80,5,0.46,0.68,0,0.21,74.8,15.83,202,83,65,0,0,107.02,51.21,2,181.25,1,1,1,1.31,0,0,0,59.13,5196388,0,0,0,0,231367,0.51,09-01-2023 14:31:44,09-01-2023 14:31:44,0.17,D6BEEEE648F511EEA27F0030180A8FD7,23122.83,40062.96,35
TS14_230405_1 run 3,173.95,180.62,0.87,178.25,178.97,179.57,2699.41,1788.15,1725.86,0.74,0,203,848,1079,0,0,0,0,0,0,0,0.77,0.74,0.96,1.35,56.75,0.97,09-01-2023 14:31:44,14.88,16.54,15.17,30.43,356.41,1.63,40,10,0.21,0.83,0,0.61,20.94,12.81,203,37,36,0,0,144.38,17.32,1,67.5,1,1.01,1,1.19,0,0,0,47.68,5196389,0,0,0,0,69156,0.63,09-01-2023 14:31:44,09-01-2023 14:31:44,0.1,D6BEF17E48F511EEA27F0030180A8FD7,1725.86,2368.92,15.11
TS14_230405_1 run 3,85.32,85.32,0.75,177.01,177.79,179,1370.81,512.42,592.83,0.74,0,204,179,554,0,0,0,0,0,0,0,0.78,0.8,0.94,1.25,41.2,1,09-01-2023 14:31:44,10.42,11.65,10.42,140.05,360.53,1,75,-40,0,1.13,0,1,12.04,12.04,204,32,29,0,0,120.3,13.63,1,48.16,1,1.01,1.01,1.17,0,0,0,52.89,5196390,0,0,0,0,32842,0.77,09-01-2023 14:31:44,09-01-2023 14:31:44,0.11,D6BEF3E648F511EEA27F0030180A8FD7,592.83,827.28,9.21
TS14_230405_1 run 3,17.05,17.05,0.12,177.66,178.41,178.34,103.68,20.68,52.97,0.74,0,205,178,745,0,0,0,0,0,0,0,0.26,0.34,0.24,2.96,38.97,1,09-01-2023 14:31:44,4.66,10.83,4.66,42.63,361.78,7.16,-90,-5,0.09,0.92,0,0.14,18.91,2.64,205,38,15,0,0,143.41,17.32,1,43.1,1,1,1,1.11,0,0,0,4.16,5196391,0,0,0,0,13194,0.67,09-01-2023 14:31:44,09-01-2023 14:31:44,0.57,D6BEF63F48F511EEA27F0030180A8FD7,52.97,664.79,1.47
TS14_230405_1 run 3,192.24,192.24,0.96,181.99,182.39,182.47,2844.04,1967.03,2005.1,0.74,0,206,514,1118,0,0,0,0,0,0,0,0.94,0.94,1,1.06,55.58,1,09-01-2023 14:31:44,15.65,16.13,15.65,48.71,364.22,1,45,0,0,1.13,0,1,15.36,15.36,206,36,35,0,0,153.35,17.32,1,61.42,1,1,1,1.11,0,0,0,54.33,5196392,0,0,0,0,79744,0.91,09-01-2023 14:31:44,09-01-2023 14:31:44,0.03,D6BEF88548F511EEA27F0030180A8FD7,2005.1,2197.33,15.11
TS14_230405_1 run 3,100.3,105.35,0.57,167.08,166.45,165.66,540.38,1697.91,755.59,0.74,0,207,319,3,0,0,0,0,0,0,0,0.3,0.24,0.48,4.23,65.16,0.58,09-01-2023 14:31:44,11.3,19.24,11.58,86.47,364.36,11.19,-15,55,0.84,0.54,0,0.09,44.16,3.95,207,38,46,0,0,118.9,23.95,2,96.22,1,0.99,1,1.48,0,0,0,39.12,5196393,0,0,0,0,36739,0.3,09-01-2023 14:31:44,09-01-2023 14:31:44,0.41,D6BEFACB48F511EEA27F0030180A8FD7,755.59,3729.93,14.37
TS14_230405_1 run 3,958.93,963.4,0.73,173.2,172.45,171.69,23297.49,19582.04,22338.08,0.74,0,208,225,733,0,0,0,0,0,0,0,0.68,0.73,0.93,1.38,123.87,0.98,09-01-2023 14:31:44,34.94,37.93,35.02,51.69,365.94,1.75,-70,15,0.02,0.98,0,0.57,44.93,25.69,208,70,59,0,0,141.82,43.85,1,141.25,1,0.99,1,1.14,0,0,0,56.17,5196394,0,0,0,0,300235,0.8,09-01-2023 14:31:44,09-01-2023 14:31:44,0.08,D6BEFD1748F511EEA27F0030180A8FD7,22338.08,28572.16,29.84
TS14_230405_1 run 3,187.77,187.77,0.5,167.07,167.34,167.76,1212.32,1870.68,1935.48,0.74,0,209,659,568,0,0,0,0,0,0,0,0.11,0.28,0.63,3.51,80.19,0.71,09-01-2023 14:31:44,15.46,23.89,15.46,43.58,367.05,8.91,75,10,0.52,0.66,0,0.11,49.69,5.57,209,58,35,0,0,154.31,32.79,2,110.52,1,1,1,1.38,0,0,0,39.05,5196395,0,0,0,0,78698,0.3,09-01-2023 14:31:44,09-01-2023 14:31:44,0.35,D6BEFF6148F511EEA27F0030180A8FD7,1935.48,7137.22,13.63
TS14_230405_1 run 3,47.89,47.89,0.89,175.39,176.04,176.68,331.58,359.42,249.31,0.74,0,210,386,564,0,0,0,0,0,0,0,0.68,0.43,0.8,2.34,38.25,0.79,09-01-2023 14:31:44,7.81,10.71,7.81,53.75,368.3,5.15,-10,25,0.84,0.54,0,0.19,22.38,4.34,210,30,30,0,0,142.43,12.16,1,53.45,1,1.01,1,1.4,0,0,0,36.14,5196396,0,0,0,0,25495,0.71,09-01-2023 14:31:44,09-01-2023 14:31:44,0.27,D6BF01A348F511EEA27F0030180A8FD7,249.31,642.42,9.21
TS14_230405_1 run 3,45.23,45.23,0.39,163.76,163.1,163.26,350.32,141.15,228.85,0.74,0,211,218,21,0,0,0,0,0,0,0,0.4,0.5,0.56,2.02,38.58,0.89,09-01-2023 14:31:44,7.59,10.77,7.59,78.8,368.67,4.1,-80,0,0.29,0.77,0,0.24,19.56,4.78,211,34,22,0,0,160.8,15.11,1,48.67,1,1,1,1.26,0,0,0,32.13,5196397,0,0,0,0,27658,0.11,09-01-2023 14:31:44,09-01-2023 14:31:44,0.3,D6BF03E348F511EEA27F0030180A8FD7,228.85,653.54,5.53
TS14_230405_1 run 3,737.51,767.43,0.57,160.3,159.61,158.53,6834,16303.09,15066.51,0.74,0,212,444,14,0,0,0,0,0,0,0,0.12,0.24,0.7,4.15,129.8,0.76,09-01-2023 14:31:44,30.64,39.77,31.26,72.13,369.06,10.93,40,-60,1.07,0.48,0,0.09,101.31,9.27,212,64,71,0,0,139.82,49,1,221.15,1,0.99,0.99,1.7,0,0,0,36.87,5196398,0,0,0,0,233223,0.02,09-01-2023 14:31:44,09-01-2023 14:31:44,0.23,D6BF062748F511EEA27F0030180A8FD7,15066.51,32940.88,28.37
TS14_230405_1 run 3,570,570,0.27,166.03,166.24,166.59,2387.08,28778.61,10237.07,0.74,0,213,813,45,0,0,0,0,0,0,0,0,0.07,0.17,13.45,194.73,0.36,09-01-2023 14:31:44,26.94,60.49,26.94,78.47,374.33,40.23,-30,55,1.02,0.5,0,0.02,170.07,4.23,213,80,118,0,0,139.84,84.38,1,348.6,1,1,1,1.79,0,0,0,36.66,5196399,0,0,0,0,185145,0.5,09-01-2023 14:31:44,09-01-2023 14:31:44,0.55,D6BF088148F511EEA27F0030180A8FD7,10237.07,115874.87,27.63
TS14_230405_1 run 3,147.94,151.88,0.97,179.52,179.39,179.42,2052.63,1381.52,1353.65,0.74,0,214,450,1024,0,0,0,0,0,0,0,0.95,0.96,1,1.04,49.77,1,09-01-2023 14:31:44,13.72,14.39,13.91,74.27,377.02,1,-75,0,0,1.1,0,1,13.77,13.77,214,34,33,0,0,156.8,15.11,1,55.1,1,1,1,1.11,0,0,0,48.03,5196400,0,0,0,0,65856,0.9,09-01-2023 14:31:44,09-01-2023 14:31:44,0.05,D6BF0B0E48F511EEA27F0030180A8FD7,1353.65,1560.21,13.63
TS14_230405_1 run 3,55.6,60.3,0.57,155.62,153.82,152.14,597.21,253.2,311.86,0.74,0,215,983,1479,0,0,0,0,0,0,0,0.62,0.63,0.81,1.59,38.09,0.95,09-01-2023 14:31:44,8.41,10.69,8.76,52.11,380.03,2.6,-25,70,0.27,0.79,0,0.38,17.26,6.64,215,25,32,0,0,144.05,13.63,1,47.8,1.01,0.98,0.99,1.26,0,0,0,27.51,5196401,0,0,0,0,28665,0.47,09-01-2023 14:31:44,09-01-2023 14:31:44,0.21,D6BF0D2748F511EEA27F0030180A8FD7,311.86,638.75,7
TS14_230405_1 run 3,52.88,52.88,0.09,167.67,167.47,167.73,154.07,96.64,289.29,0.74,0,216,283,1594,0,0,0,0,0,0,0,0,0.1,0.12,10.02,82.14,0.55,09-01-2023 14:31:44,8.21,24.71,8.21,56.47,380.08,29.45,-85,10,0.43,0.7,0,0.03,55.41,1.88,216,66,25,0,0,145.65,38.69,1,114.59,1,1,1,1.4,0,0,0,14.82,5196402,0,0,0,0,27964,0.2,09-01-2023 14:31:44,09-01-2023 14:31:44,0.67,D6BF0F4848F511EEA27F0030180A8FD7,289.29,7896.57,3.32
TS14_230405_1 run 3,328.02,328.02,0.89,174.33,174.35,174.36,4303.76,4678.55,4469.03,0.74,0,217,211,1532,0,0,0,0,0,0,0,0.62,0.6,0.93,1.67,75.18,0.97,09-01-2023 14:31:44,20.44,22.39,20.44,55.19,380.08,2.9,-60,35,0.45,0.69,0,0.35,35.83,12.37,217,43,45,0,0,150.35,24.69,1,96.39,1,1,1,1.28,0,0,0,51.74,5196402,0,0,0,0,122687,0.49,09-01-2023 14:31:44,09-01-2023 14:31:44,0.09,D6BF116548F511EEA27F0030180A8FD7,4469.03,5879.88,20.26
TS14_230405_1 run 3,2325.82,2343.73,0.58,161.78,161.62,161.43,54423.75,68996.68,84377.54,0.74,0,218,742,740,0,0,0,0,0,0,0,0.41,0.52,0.82,1.94,201.86,0.92,09-01-2023 14:31:44,54.42,62.72,54.63,67.72,392.22,3.82,-50,35,0.3,0.77,0,0.26,100.34,26.28,218,96,106,0,0,124.01,77.01,1,253.25,1,1,1,1.25,0,0,0,49.89,5196403,0,0,0,0,597853,0.67,09-01-2023 14:31:44,09-01-2023 14:31:44,0.13,D6BF138148F511EEA27F0030180A8FD7,84377.54,129176.37,46.06
TS14_230405_1 run 3,134.45,134.45,0.96,178.18,179.32,180.33,1784.08,1142.98,1172.72,0.74,0,219,244,1677,0,0,0,0,0,0,0,0.95,0.96,1,1.04,47.32,1,09-01-2023 14:31:44,13.08,13.63,13.08,53.97,392.89,1,-70,-90,0,1.09,0,1,13.15,13.15,219,32,33,0,0,157.1,14.37,1,52.58,0.99,1.01,1.01,1.11,0,0,0,44.31,5196404,0,0,0,0,61113,0.94,09-01-2023 14:31:44,09-01-2023 14:31:44,0.04,D6BF15A148F511EEA27F0030180A8FD7,1172.72,1326.6,12.9
TS14_230405_1 run 3,287.56,291.73,0.68,171.07,171.22,171.4,3269.01,3356.78,3668.19,0.74,0,220,695,1005,0,0,0,0,0,0,0,0.61,0.52,0.87,1.9,78.26,0.89,09-01-2023 14:31:44,19.13,23.36,19.27,70.05,395.91,3.72,-60,45,0.4,0.72,0,0.27,38.59,10.39,220,46,47,0,0,148.91,27.63,1,97.94,1,1,1,1.25,0,0,0,48.03,5196405,0,0,0,0,108556,0.56,09-01-2023 14:31:44,09-01-2023 14:31:44,0.18,D6BF17C148F511EEA27F0030180A8FD7,3668.19,6670.74,17.32
